{"stats":{"minecraft:picked_up":{"minecraft:wooden_axe":1,"minecraft:iron_chestplate":1,"minecraft:wheat":3,"minecraft:stone_slab":19,"minecraft:lead":2,"minecraft:oak_stairs":2,"minecraft:brewing_stand":2,"minecraft:string":12,"minecraft:raw_copper":15,"minecraft:smooth_stone_slab":8,"minecraft:oak_sign":2,"minecraft:cobbled_deepslate":572,"minecraft:smooth_stone":11,"minecraft:bucket":1,"minecraft:iron_pickaxe":1,"minecraft:furnace":5,"minecraft:iron_boots":1,"minecraft:stick":84,"minecraft:composter":6,"minecraft:torch":40,"minecraft:porkchop":8,"minecraft:diorite":5,"minecraft:rotten_flesh":66,"minecraft:white_terracotta":10,"minecraft:cobblestone":682,"minecraft:feather":3,"minecraft:andesite":14,"minecraft:golden_leggings":1,"minecraft:potato":2,"minecraft:flint":10,"minecraft:tuff":307,"minecraft:lapis_lazuli":30,"minecraft:dirt":290,"minecraft:name_tag":4,"minecraft:bone":32,"minecraft:stonecutter":1,"minecraft:bow":1,"minecraft:wheat_seeds":29,"minecraft:bell":1,"minecraft:fletching_table":2,"minecraft:oak_planks":43,"minecraft:music_disc_13":2,"minecraft:sand":14,"minecraft:grass_block":1,"minecraft:mossy_cobblestone":10,"minecraft:diamond":11,"minecraft:golden_apple":1,"minecraft:emerald":1,"minecraft:bread":8,"minecraft:oak_sapling":5,"minecraft:netherrack":9,"minecraft:diamond_pickaxe":1,"minecraft:crafting_table":21,"minecraft:chicken":2,"minecraft:wooden_pickaxe":1,"minecraft:gold_block":1,"minecraft:shield":1,"minecraft:cornflower":3,"minecraft:oak_trapdoor":9,"minecraft:wooden_sword":11,"minecraft:beef":22,"minecraft:oak_boat":4,"minecraft:poppy":4,"minecraft:spruce_slab":3,"minecraft:chest":3,"minecraft:birch_sapling":1,"minecraft:spruce_trapdoor":1,"minecraft:egg":3,"minecraft:raw_iron":221,"minecraft:carrot":7,"minecraft:redstone":2,"minecraft:iron_horse_armor":1,"minecraft:arrow":12,"minecraft:hay_block":37,"minecraft:saddle":1,"minecraft:mutton":12,"minecraft:white_wool":6,"minecraft:leather":15,"minecraft:oak_log":89,"minecraft:gunpowder":6,"minecraft:yellow_bed":3,"minecraft:cobblestone_wall":6,"minecraft:apple":2,"minecraft:iron_ingot":70,"minecraft:iron_sword":1,"minecraft:oak_slab":8,"minecraft:gravel":50,"minecraft:spruce_sapling":127,"minecraft:blast_furnace":11,"minecraft:white_bed":11,"minecraft:spruce_log":968,"minecraft:spider_eye":3,"minecraft:pumpkin_seeds":2,"minecraft:stone_axe":3,"minecraft:iron_helmet":1,"minecraft:coal":71},"minecraft:broken":{"minecraft:stone_pickaxe":1,"minecraft:stone_axe":1,"minecraft:iron_pickaxe":4,"minecraft:golden_pickaxe":1},"minecraft:dropped":{"minecraft:saddle":1,"minecraft:leather_helmet":1,"minecraft:emerald":1,"minecraft:cornflower":1,"minecraft:wooden_sword":12,"minecraft:iron_pickaxe":2,"minecraft:stone_axe":2,"minecraft:cobbled_deepslate":1,"minecraft:wheat":10,"minecraft:rotten_flesh":35,"minecraft:white_bed":1,"minecraft:poppy":2,"minecraft:chest":1,"minecraft:arrow":2,"minecraft:netherrack":7,"minecraft:egg":2,"minecraft:stone_hoe":1,"minecraft:bread":1,"minecraft:wheat_seeds":10,"minecraft:apple":1,"minecraft:stick":1,"minecraft:diorite":2,"minecraft:wooden_hoe":1,"minecraft:string":9,"minecraft:stone_sword":1,"minecraft:tuff":2,"minecraft:stone_shovel":1,"minecraft:composter":2,"minecraft:white_terracotta":2,"minecraft:potato":1,"minecraft:spruce_trapdoor":1,"minecraft:andesite":1,"minecraft:oak_sapling":3,"minecraft:oak_boat":2,"minecraft:golden_leggings":1,"minecraft:spider_eye":1,"minecraft:spruce_log":1},"minecraft:custom":{"minecraft:interact_with_crafting_table":89,"minecraft:bell_ring":101,"minecraft:leave_game":9,"minecraft:time_since_death":210232,"minecraft:sprint_one_cm":665255,"minecraft:damage_blocked_by_shield":1090,"minecraft:drop":76,"minecraft:talked_to_villager":101,"minecraft:play_time":446854,"minecraft:deaths":2,"minecraft:jump":7430,"minecraft:walk_on_water_one_cm":44439,"minecraft:interact_with_furnace":58,"minecraft:traded_with_villager":227,"minecraft:sleep_in_bed":8,"minecraft:damage_dealt":18429,"minecraft:player_kills":1,"minecraft:crouch_one_cm":189838,"minecraft:horse_one_cm":37997,"minecraft:mob_kills":107,"minecraft:climb_one_cm":18324,"minecraft:walk_one_cm":809669,"minecraft:sneak_time":57331,"minecraft:walk_under_water_one_cm":130727,"minecraft:boat_one_cm":4180,"minecraft:interact_with_blast_furnace":9,"minecraft:total_world_time":446854,"minecraft:interact_with_grindstone":1,"minecraft:time_since_rest":5889,"minecraft:damage_taken":5571,"minecraft:damage_absorbed":50,"minecraft:swim_one_cm":141427,"minecraft:fly_one_cm":1199960,"minecraft:open_chest":151,"minecraft:fall_one_cm":195785},"minecraft:crafted":{"minecraft:grindstone":1,"minecraft:oak_planks":296,"minecraft:oak_sign":6,"minecraft:stone":5,"minecraft:hopper":1,"minecraft:glass":14,"minecraft:diamond_helmet":1,"minecraft:diamond_leggings":1,"minecraft:iron_boots":9,"minecraft:chest":11,"minecraft:stone_hoe":1,"minecraft:oak_fence":3,"minecraft:oak_slab":18,"minecraft:emerald":174,"minecraft:cooked_porkchop":1,"minecraft:diamond_axe":1,"minecraft:crafting_table":8,"minecraft:spruce_planks":2852,"minecraft:wooden_pickaxe":1,"minecraft:iron_helmet":3,"minecraft:fletching_table":2,"minecraft:spruce_trapdoor":2,"minecraft:wooden_hoe":1,"minecraft:iron_chestplate":1,"minecraft:diamond_pickaxe":1,"minecraft:shield":16,"minecraft:stick":5264,"minecraft:stone_slab":6,"minecraft:iron_pickaxe":6,"minecraft:iron_ingot":89,"minecraft:stone_sword":2,"minecraft:gold_ingot":9,"minecraft:wooden_sword":2,"minecraft:stone_shovel":1,"minecraft:smooth_stone_slab":12,"minecraft:furnace":3,"minecraft:bone_meal":33,"minecraft:oak_trapdoor":2,"minecraft:iron_axe":11,"minecraft:ladder":21,"minecraft:spruce_slab":30,"minecraft:iron_hoe":1,"minecraft:stone_pickaxe":3,"minecraft:cobblestone_wall":60,"minecraft:diamond_boots":1,"minecraft:chainmail_leggings":13,"minecraft:wheat":329,"minecraft:cooked_beef":5,"minecraft:iron_sword":1,"minecraft:leather_helmet":1,"minecraft:bucket":1,"minecraft:stone_axe":3,"minecraft:bread":111,"minecraft:air":0,"minecraft:oak_boat":2,"minecraft:golden_apple":1,"minecraft:iron_shovel":1,"minecraft:iron_leggings":1,"minecraft:white_bed":2,"minecraft:torch":112,"minecraft:diamond_chestplate":1},"minecraft:killed":{"minecraft:spider":4,"minecraft:skeleton":8,"minecraft:chicken":2,"minecraft:pig":5,"minecraft:zombie_villager":3,"minecraft:iron_golem":2,"minecraft:sheep":6,"minecraft:trader_llama":1,"minecraft:zombie":65,"minecraft:cow":9,"minecraft:phantom":1,"minecraft:enderman":1},"minecraft:killed_by":{"minecraft:creeper":1},"minecraft:mined":{"minecraft:white_bed":10,"minecraft:farmland":25,"minecraft:cobblestone_stairs":1,"minecraft:brewing_stand":2,"minecraft:spruce_trapdoor":1,"minecraft:granite":22,"minecraft:grass_block":135,"minecraft:composter":4,"minecraft:oak_wall_sign":2,"minecraft:smooth_stone":11,"minecraft:iron_ore":64,"minecraft:cobbled_deepslate":112,"minecraft:fletching_table":2,"minecraft:deepslate_lapis_ore":2,"minecraft:oak_stairs":2,"minecraft:spruce_slab":3,"minecraft:torch":15,"minecraft:blast_furnace":11,"minecraft:poppy":1,"minecraft:chest":4,"minecraft:white_stained_glass_pane":2,"minecraft:glass":4,"minecraft:cobblestone":318,"minecraft:oak_planks":21,"minecraft:wall_torch":6,"minecraft:white_terracotta":10,"minecraft:wheat":2,"minecraft:smooth_stone_slab":10,"minecraft:yellow_stained_glass_pane":3,"minecraft:grass":66,"minecraft:oak_log":74,"minecraft:sand":15,"minecraft:dirt":103,"minecraft:stonecutter":1,"minecraft:netherrack":5,"minecraft:oak_leaves":4,"minecraft:deepslate":410,"minecraft:diamond_ore":1,"minecraft:tuff":308,"minecraft:mossy_cobblestone":10,"minecraft:deepslate_diamond_ore":7,"minecraft:oak_door":1,"minecraft:spruce_leaves":236,"minecraft:hay_block":35,"minecraft:oak_trapdoor":9,"minecraft:spruce_sapling":13,"minecraft:furnace":4,"minecraft:andesite":10,"minecraft:gold_block":1,"minecraft:deepslate_iron_ore":36,"minecraft:stone":411,"minecraft:podzol":53,"minecraft:oak_slab":5,"minecraft:glass_pane":1,"minecraft:crafting_table":20,"minecraft:cornflower":2,"minecraft:stone_slab":15,"minecraft:tall_grass":14,"minecraft:copper_ore":5,"minecraft:lapis_ore":3,"minecraft:diorite":6,"minecraft:cobblestone_wall":9,"minecraft:spruce_log":969,"minecraft:yellow_bed":3,"minecraft:coal_ore":51,"minecraft:sunflower":1,"minecraft:gravel":29},"minecraft:used":{"minecraft:iron_shovel":198,"minecraft:spruce_slab":8,"minecraft:ladder":16,"minecraft:oak_sign":5,"minecraft:chest":12,"minecraft:shield":25,"minecraft:white_terracotta":6,"minecraft:iron_sword":184,"minecraft:bell":1,"minecraft:rotten_flesh":1,"minecraft:carrot":7,"minecraft:tuff":299,"minecraft:glass":11,"minecraft:lava_bucket":2,"minecraft:furnace":7,"minecraft:oak_sapling":2,"minecraft:diorite":3,"minecraft:stone_pickaxe":240,"minecraft:oak_planks":28,"minecraft:wooden_pickaxe":11,"minecraft:diamond_axe":588,"minecraft:golden_apple":2,"minecraft:blast_furnace":11,"minecraft:bread":95,"minecraft:gravel":45,"minecraft:golden_helmet":1,"minecraft:grindstone":1,"minecraft:andesite":5,"minecraft:smooth_stone_slab":21,"minecraft:oak_boat":4,"minecraft:bone_meal":33,"minecraft:golden_pickaxe":32,"minecraft:oak_fence":1,"minecraft:oak_trapdoor":11,"minecraft:stone_sword":111,"minecraft:stone_shovel":74,"minecraft:stone_hoe":35,"minecraft:torch":126,"minecraft:dirt":316,"minecraft:hopper":1,"minecraft:cobblestone_wall":63,"minecraft:iron_hoe":113,"minecraft:iron_axe":425,"minecraft:golden_carrot":7,"minecraft:beef":9,"minecraft:cooked_beef":1,"minecraft:cobbled_deepslate":512,"minecraft:golden_axe":17,"minecraft:water_bucket":130,"minecraft:fletching_table":4,"minecraft:mossy_cobblestone":10,"minecraft:oak_slab":24,"minecraft:crafting_table":24,"minecraft:white_bed":12,"minecraft:spruce_log":3,"minecraft:oak_log":1,"minecraft:wooden_hoe":15,"minecraft:diamond_pickaxe":428,"minecraft:cornflower":2,"minecraft:chicken":2,"minecraft:iron_pickaxe":1199,"minecraft:stone_slab":22,"minecraft:spruce_trapdoor":2,"minecraft:spruce_sapling":90,"minecraft:golden_leggings":1,"minecraft:stone_axe":212,"minecraft:cobblestone":554,"minecraft:cooked_porkchop":1,"minecraft:porkchop":5,"minecraft:bucket":132,"minecraft:yellow_bed":3,"minecraft:smooth_stone":3}},"DataVersion":3105}