{"stats":{"minecraft:killed":{"minecraft:spider":8,"minecraft:skeleton":15,"minecraft:chicken":2,"minecraft:pig":5,"minecraft:zombie_villager":3,"minecraft:iron_golem":2,"minecraft:creeper":2,"minecraft:sheep":6,"minecraft:trader_llama":1,"minecraft:zombie":120,"minecraft:donkey":3,"minecraft:cow":16,"minecraft:phantom":1,"minecraft:horse":4,"minecraft:enderman":1},"minecraft:dropped":{"minecraft:diamond_axe":4,"minecraft:saddle":1,"minecraft:leather_helmet":1,"minecraft:emerald":1,"minecraft:dirt":192,"minecraft:cornflower":1,"minecraft:wooden_sword":12,"minecraft:iron_pickaxe":2,"minecraft:stone_axe":7,"minecraft:cobbled_deepslate":1,"minecraft:wheat":11,"minecraft:rotten_flesh":43,"minecraft:azure_bluet":2,"minecraft:white_bed":1,"minecraft:carrot":114,"minecraft:poppy":4,"minecraft:chest":1,"minecraft:arrow":2,"minecraft:netherrack":7,"minecraft:lectern":1,"minecraft:egg":2,"minecraft:stone_hoe":1,"minecraft:bread":15,"minecraft:wheat_seeds":43,"minecraft:lead":1,"minecraft:cobblestone":1,"minecraft:apple":1,"minecraft:stick":1,"minecraft:oxeye_daisy":1,"minecraft:diorite":2,"minecraft:wooden_hoe":1,"minecraft:string":10,"minecraft:spruce_sapling":2,"minecraft:dandelion":8,"minecraft:stone_sword":1,"minecraft:tuff":2,"minecraft:stone_shovel":1,"minecraft:composter":2,"minecraft:white_terracotta":2,"minecraft:potato":1,"minecraft:spruce_trapdoor":1,"minecraft:diamond_pickaxe":2,"minecraft:andesite":2,"minecraft:oak_sapling":39,"minecraft:golden_leggings":1,"minecraft:oak_boat":2,"minecraft:spider_eye":1,"minecraft:spruce_log":1},"minecraft:killed_by":{"minecraft:creeper":1},"minecraft:used":{"minecraft:iron_shovel":466,"minecraft:spruce_slab":10,"minecraft:ladder":16,"minecraft:poppy":1,"minecraft:diamond_hoe":372,"minecraft:oak_sign":10,"minecraft:chest":16,"minecraft:white_terracotta":17,"minecraft:shield":34,"minecraft:iron_sword":187,"minecraft:bell":1,"minecraft:rotten_flesh":2,"minecraft:carrot":7,"minecraft:tuff":299,"minecraft:glass":11,"minecraft:lava_bucket":5,"minecraft:light_blue_bed":1,"minecraft:bow":10,"minecraft:oak_sapling":2,"minecraft:furnace":7,"minecraft:diorite":3,"minecraft:stone_pickaxe":240,"minecraft:oak_planks":329,"minecraft:wooden_pickaxe":11,"minecraft:composter":4,"minecraft:sugar_cane":15,"minecraft:diamond_axe":1270,"minecraft:golden_apple":2,"minecraft:blast_furnace":13,"minecraft:shears":1,"minecraft:bread":158,"minecraft:lectern":39,"minecraft:gravel":45,"minecraft:golden_helmet":1,"minecraft:diamond_sword":211,"minecraft:grindstone":5,"minecraft:smithing_table":1,"minecraft:andesite":5,"minecraft:smooth_stone_slab":21,"minecraft:oak_boat":7,"minecraft:bone_meal":33,"minecraft:golden_pickaxe":32,"minecraft:oak_fence":1,"minecraft:oak_trapdoor":13,"minecraft:stone_sword":111,"minecraft:flint_and_steel":13,"minecraft:stone_shovel":74,"minecraft:spruce_planks":1,"minecraft:stone_hoe":35,"minecraft:torch":335,"minecraft:dirt":3157,"minecraft:anvil":1,"minecraft:hopper":1,"minecraft:cobblestone_wall":63,"minecraft:iron_hoe":113,"minecraft:iron_axe":568,"minecraft:oak_stairs":5,"minecraft:golden_carrot":7,"minecraft:beef":9,"minecraft:cooked_beef":1,"minecraft:cobbled_deepslate":512,"minecraft:golden_axe":17,"minecraft:water_bucket":148,"minecraft:cauldron":2,"minecraft:fletching_table":4,"minecraft:mossy_cobblestone":10,"minecraft:terracotta":2,"minecraft:oak_slab":24,"minecraft:crafting_table":29,"minecraft:white_bed":21,"minecraft:spruce_log":3,"minecraft:oak_log":5,"minecraft:wooden_hoe":15,"minecraft:cornflower":2,"minecraft:diamond_pickaxe":1507,"minecraft:diamond_shovel":3876,"minecraft:chicken":2,"minecraft:iron_pickaxe":1225,"minecraft:stone_slab":33,"minecraft:spruce_trapdoor":2,"minecraft:spruce_sapling":253,"minecraft:golden_leggings":1,"minecraft:stone_axe":212,"minecraft:cobblestone":2769,"minecraft:porkchop":5,"minecraft:cooked_porkchop":1,"minecraft:bucket":156,"minecraft:yellow_bed":7,"minecraft:smooth_stone":3},"minecraft:crafted":{"minecraft:grindstone":2,"minecraft:oak_planks":572,"minecraft:oak_sign":9,"minecraft:stone":5,"minecraft:diamond_shovel":4,"minecraft:bookshelf":1,"minecraft:glass":14,"minecraft:hopper":1,"minecraft:diamond_helmet":1,"minecraft:diamond_leggings":1,"minecraft:iron_boots":9,"minecraft:chest":15,"minecraft:stone_hoe":1,"minecraft:oak_fence":3,"minecraft:oak_slab":24,"minecraft:emerald":379,"minecraft:cauldron":1,"minecraft:cooked_porkchop":1,"minecraft:diamond_axe":2,"minecraft:crafting_table":9,"minecraft:spruce_planks":5336,"minecraft:wooden_pickaxe":1,"minecraft:iron_helmet":3,"minecraft:smithing_table":1,"minecraft:fletching_table":2,"minecraft:birch_planks":52,"minecraft:spruce_trapdoor":2,"minecraft:lectern":1,"minecraft:yellow_dye":1,"minecraft:wooden_hoe":1,"minecraft:iron_chestplate":1,"minecraft:book":3,"minecraft:paper":9,"minecraft:diamond_pickaxe":3,"minecraft:shield":16,"minecraft:stick":10729,"minecraft:stone_slab":6,"minecraft:light_blue_dye":2,"minecraft:iron_ingot":98,"minecraft:iron_pickaxe":6,"minecraft:light_blue_bed":1,"minecraft:iron_block":12,"minecraft:stone_sword":2,"minecraft:gold_ingot":9,"minecraft:light_gray_dye":1,"minecraft:shears":1,"minecraft:wooden_sword":2,"minecraft:stone_shovel":1,"minecraft:smooth_stone_slab":12,"minecraft:diamond_hoe":6,"minecraft:furnace":3,"minecraft:bone_meal":48,"minecraft:oak_trapdoor":6,"minecraft:flint_and_steel":1,"minecraft:iron_axe":20,"minecraft:ladder":21,"minecraft:iron_hoe":1,"minecraft:spruce_slab":30,"minecraft:stone_pickaxe":3,"minecraft:cobblestone_wall":60,"minecraft:diamond_boots":1,"minecraft:chainmail_leggings":13,"minecraft:wheat":521,"minecraft:cooked_beef":5,"minecraft:diamond_sword":1,"minecraft:iron_sword":1,"minecraft:leather_helmet":1,"minecraft:bucket":3,"minecraft:stone_axe":13,"minecraft:bread":177,"minecraft:air":0,"minecraft:blue_dye":1,"minecraft:oak_boat":3,"minecraft:golden_apple":1,"minecraft:white_dye":1,"minecraft:iron_shovel":2,"minecraft:iron_leggings":1,"minecraft:anvil":1,"minecraft:white_bed":3,"minecraft:torch":296,"minecraft:diamond_chestplate":1},"minecraft:custom":{"minecraft:animals_bred":4,"minecraft:interact_with_crafting_table":121,"minecraft:bell_ring":102,"minecraft:leave_game":9,"minecraft:time_since_death":571724,"minecraft:sprint_one_cm":1525106,"minecraft:damage_blocked_by_shield":1530,"minecraft:drop":241,"minecraft:talked_to_villager":196,"minecraft:play_time":808346,"minecraft:deaths":2,"minecraft:jump":12865,"minecraft:walk_on_water_one_cm":55704,"minecraft:interact_with_furnace":59,"minecraft:traded_with_villager":465,"minecraft:sleep_in_bed":17,"minecraft:damage_dealt":33374,"minecraft:player_kills":2,"minecraft:crouch_one_cm":284675,"minecraft:horse_one_cm":145788,"minecraft:mob_kills":189,"minecraft:interact_with_anvil":2,"minecraft:climb_one_cm":43697,"minecraft:walk_one_cm":2137840,"minecraft:sneak_time":77907,"minecraft:walk_under_water_one_cm":131942,"minecraft:boat_one_cm":25331,"minecraft:interact_with_blast_furnace":9,"minecraft:total_world_time":808346,"minecraft:interact_with_grindstone":1,"minecraft:time_since_rest":3637,"minecraft:damage_taken":6995,"minecraft:damage_absorbed":50,"minecraft:swim_one_cm":141656,"minecraft:fly_one_cm":2245527,"minecraft:open_chest":382,"minecraft:fall_one_cm":277870},"minecraft:mined":{"minecraft:spruce_planks":1,"minecraft:white_bed":19,"minecraft:farmland":78,"minecraft:cobblestone_stairs":4,"minecraft:brewing_stand":3,"minecraft:carved_pumpkin":1,"minecraft:spruce_trapdoor":1,"minecraft:granite":22,"minecraft:grass_block":1831,"minecraft:composter":8,"minecraft:oak_wall_sign":2,"minecraft:oxeye_daisy":3,"minecraft:smooth_stone":11,"minecraft:iron_ore":73,"minecraft:cobbled_deepslate":134,"minecraft:fletching_table":2,"minecraft:deepslate_lapis_ore":2,"minecraft:azure_bluet":1,"minecraft:oak_sign":3,"minecraft:dirt_path":235,"minecraft:oak_stairs":9,"minecraft:spruce_slab":3,"minecraft:clay":4,"minecraft:torch":71,"minecraft:blast_furnace":13,"minecraft:poppy":3,"minecraft:chest":5,"minecraft:white_stained_glass_pane":8,"minecraft:glass":4,"minecraft:cobblestone":449,"minecraft:sugar_cane":18,"minecraft:grindstone":4,"minecraft:oak_planks":78,"minecraft:wall_torch":10,"minecraft:cauldron":1,"minecraft:white_terracotta":73,"minecraft:birch_log":30,"minecraft:wheat":9,"minecraft:stripped_oak_wood":3,"minecraft:smooth_stone_slab":10,"minecraft:yellow_stained_glass_pane":9,"minecraft:grass":591,"minecraft:oak_log":208,"minecraft:oak_fence_gate":3,"minecraft:sand":15,"minecraft:dirt":2260,"minecraft:stonecutter":1,"minecraft:netherrack":5,"minecraft:oak_leaves":334,"minecraft:deepslate":410,"minecraft:diamond_ore":1,"minecraft:tuff":308,"minecraft:mossy_cobblestone":15,"minecraft:deepslate_diamond_ore":7,"minecraft:oak_door":1,"minecraft:spruce_leaves":270,"minecraft:hay_block":59,"minecraft:oak_trapdoor":10,"minecraft:spruce_sapling":65,"minecraft:furnace":4,"minecraft:carrots":1,"minecraft:andesite":11,"minecraft:stripped_spruce_log":1,"minecraft:gold_block":1,"minecraft:potatoes":4,"minecraft:deepslate_iron_ore":36,"minecraft:stone":1177,"minecraft:podzol":98,"minecraft:oak_slab":6,"minecraft:glass_pane":1,"minecraft:dandelion":18,"minecraft:oak_fence":24,"minecraft:crafting_table":24,"minecraft:cornflower":3,"minecraft:rose_bush":1,"minecraft:lectern":38,"minecraft:stone_slab":26,"minecraft:tall_grass":28,"minecraft:copper_ore":12,"minecraft:lapis_ore":3,"minecraft:diorite":6,"minecraft:cobblestone_wall":11,"minecraft:spruce_log":1422,"minecraft:birch_leaves":33,"minecraft:yellow_bed":8,"minecraft:coal_ore":115,"minecraft:sunflower":3,"minecraft:gravel":29,"minecraft:terracotta":4},"minecraft:picked_up":{"minecraft:wooden_axe":1,"minecraft:iron_chestplate":1,"minecraft:wheat":19,"minecraft:chainmail_boots":1,"minecraft:stone_slab":30,"minecraft:lead":11,"minecraft:oak_stairs":9,"minecraft:brewing_stand":3,"minecraft:string":14,"minecraft:raw_copper":39,"minecraft:smooth_stone_slab":8,"minecraft:oak_sign":5,"minecraft:cobbled_deepslate":594,"minecraft:smooth_stone":11,"minecraft:bucket":1,"minecraft:spruce_planks":20,"minecraft:rose_bush":1,"minecraft:iron_pickaxe":1,"minecraft:furnace":5,"minecraft:iron_boots":1,"minecraft:golden_helmet":1,"minecraft:stick":163,"minecraft:composter":10,"minecraft:oak_fence":24,"minecraft:torch":124,"minecraft:porkchop":8,"minecraft:diorite":5,"minecraft:cauldron":1,"minecraft:rotten_flesh":116,"minecraft:carved_pumpkin":1,"minecraft:white_terracotta":74,"minecraft:cobblestone":1947,"minecraft:birch_log":30,"minecraft:feather":3,"minecraft:andesite":15,"minecraft:brown_wool":3,"minecraft:golden_leggings":1,"minecraft:potato":67,"minecraft:flint":10,"minecraft:tuff":307,"minecraft:lapis_lazuli":30,"minecraft:dirt":4454,"minecraft:name_tag":4,"minecraft:bone":41,"minecraft:stonecutter":1,"minecraft:bow":1,"minecraft:wheat_seeds":157,"minecraft:bell":1,"minecraft:grindstone":4,"minecraft:fletching_table":2,"minecraft:oak_planks":99,"minecraft:music_disc_13":2,"minecraft:sand":14,"minecraft:grass_block":1,"minecraft:mossy_cobblestone":15,"minecraft:diamond":11,"minecraft:golden_apple":1,"minecraft:emerald":1,"minecraft:bread":8,"minecraft:oak_sapling":78,"minecraft:netherrack":9,"minecraft:diamond_pickaxe":2,"minecraft:crafting_table":25,"minecraft:azure_bluet":5,"minecraft:chicken":2,"minecraft:clay_ball":16,"minecraft:wooden_pickaxe":1,"minecraft:gold_block":1,"minecraft:shield":1,"minecraft:cornflower":4,"minecraft:oak_trapdoor":10,"minecraft:wooden_sword":11,"minecraft:beef":38,"minecraft:oak_boat":7,"minecraft:poppy":8,"minecraft:spruce_slab":3,"minecraft:lectern":39,"minecraft:sugar_cane":24,"minecraft:chest":4,"minecraft:birch_sapling":7,"minecraft:spruce_trapdoor":1,"minecraft:egg":3,"minecraft:raw_iron":231,"minecraft:oak_door":1,"minecraft:carrot":215,"minecraft:redstone":2,"minecraft:iron_horse_armor":1,"minecraft:arrow":15,"minecraft:hay_block":61,"minecraft:saddle":1,"minecraft:mutton":12,"minecraft:white_wool":10,"minecraft:oxeye_daisy":7,"minecraft:leather":31,"minecraft:oak_log":225,"minecraft:gunpowder":9,"minecraft:yellow_bed":7,"minecraft:cobblestone_wall":8,"minecraft:cobblestone_stairs":3,"minecraft:apple":6,"minecraft:oak_fence_gate":3,"minecraft:iron_ingot":70,"minecraft:stripped_oak_wood":3,"minecraft:iron_sword":1,"minecraft:oak_slab":9,"minecraft:dandelion":56,"minecraft:gravel":50,"minecraft:blast_furnace":13,"minecraft:spruce_sapling":365,"minecraft:white_bed":20,"minecraft:spruce_log":1443,"minecraft:spider_eye":4,"minecraft:pumpkin_seeds":6,"minecraft:stone_axe":7,"minecraft:iron_helmet":1,"minecraft:diamond_axe":2,"minecraft:terracotta":4,"minecraft:coal":135,"minecraft:sunflower":2},"minecraft:broken":{"minecraft:stone_pickaxe":1,"minecraft:stone_axe":1,"minecraft:iron_pickaxe":4,"minecraft:golden_pickaxe":1}},"DataVersion":3105}