{"stats":{"minecraft:picked_up":{"minecraft:wooden_axe":1,"minecraft:iron_chestplate":1,"minecraft:wheat":19,"minecraft:chainmail_boots":1,"minecraft:stone_slab":26,"minecraft:lead":8,"minecraft:oak_stairs":9,"minecraft:brewing_stand":3,"minecraft:string":14,"minecraft:raw_copper":15,"minecraft:smooth_stone_slab":8,"minecraft:oak_sign":4,"minecraft:cobbled_deepslate":594,"minecraft:smooth_stone":11,"minecraft:bucket":1,"minecraft:spruce_planks":20,"minecraft:rose_bush":1,"minecraft:iron_pickaxe":1,"minecraft:furnace":5,"minecraft:iron_boots":1,"minecraft:golden_helmet":1,"minecraft:stick":116,"minecraft:composter":10,"minecraft:oak_fence":21,"minecraft:torch":76,"minecraft:porkchop":8,"minecraft:diorite":5,"minecraft:rotten_flesh":106,"minecraft:white_terracotta":71,"minecraft:cobblestone":1147,"minecraft:birch_log":30,"minecraft:feather":3,"minecraft:andesite":14,"minecraft:golden_leggings":1,"minecraft:potato":67,"minecraft:flint":10,"minecraft:tuff":307,"minecraft:lapis_lazuli":30,"minecraft:dirt":3676,"minecraft:name_tag":4,"minecraft:bone":36,"minecraft:stonecutter":1,"minecraft:bow":1,"minecraft:wheat_seeds":122,"minecraft:bell":1,"minecraft:grindstone":4,"minecraft:fletching_table":2,"minecraft:oak_planks":63,"minecraft:music_disc_13":2,"minecraft:sand":14,"minecraft:grass_block":1,"minecraft:mossy_cobblestone":15,"minecraft:diamond":11,"minecraft:golden_apple":1,"minecraft:emerald":1,"minecraft:bread":8,"minecraft:oak_sapling":78,"minecraft:netherrack":9,"minecraft:diamond_pickaxe":1,"minecraft:crafting_table":24,"minecraft:azure_bluet":5,"minecraft:chicken":2,"minecraft:clay_ball":16,"minecraft:wooden_pickaxe":1,"minecraft:gold_block":1,"minecraft:shield":1,"minecraft:cornflower":4,"minecraft:oak_trapdoor":9,"minecraft:wooden_sword":11,"minecraft:beef":33,"minecraft:oak_boat":6,"minecraft:poppy":7,"minecraft:spruce_slab":3,"minecraft:chest":3,"minecraft:birch_sapling":7,"minecraft:spruce_trapdoor":1,"minecraft:egg":3,"minecraft:raw_iron":221,"minecraft:oak_door":1,"minecraft:carrot":103,"minecraft:redstone":2,"minecraft:iron_horse_armor":1,"minecraft:arrow":13,"minecraft:hay_block":61,"minecraft:saddle":1,"minecraft:mutton":12,"minecraft:white_wool":6,"minecraft:oxeye_daisy":6,"minecraft:leather":29,"minecraft:oak_log":225,"minecraft:gunpowder":8,"minecraft:yellow_bed":5,"minecraft:cobblestone_wall":8,"minecraft:cobblestone_stairs":3,"minecraft:apple":6,"minecraft:oak_fence_gate":3,"minecraft:iron_ingot":70,"minecraft:stripped_oak_wood":3,"minecraft:iron_sword":1,"minecraft:oak_slab":9,"minecraft:dandelion":51,"minecraft:gravel":50,"minecraft:spruce_sapling":139,"minecraft:blast_furnace":13,"minecraft:white_bed":18,"minecraft:spruce_log":1335,"minecraft:spider_eye":4,"minecraft:pumpkin_seeds":2,"minecraft:stone_axe":7,"minecraft:iron_helmet":1,"minecraft:terracotta":4,"minecraft:coal":71,"minecraft:sunflower":2},"minecraft:broken":{"minecraft:stone_pickaxe":1,"minecraft:stone_axe":1,"minecraft:iron_pickaxe":4,"minecraft:golden_pickaxe":1},"minecraft:dropped":{"minecraft:saddle":1,"minecraft:leather_helmet":1,"minecraft:emerald":1,"minecraft:cornflower":1,"minecraft:wooden_sword":12,"minecraft:iron_pickaxe":2,"minecraft:stone_axe":7,"minecraft:cobbled_deepslate":1,"minecraft:wheat":11,"minecraft:rotten_flesh":42,"minecraft:azure_bluet":2,"minecraft:white_bed":1,"minecraft:carrot":32,"minecraft:poppy":2,"minecraft:chest":1,"minecraft:arrow":2,"minecraft:netherrack":7,"minecraft:egg":2,"minecraft:stone_hoe":1,"minecraft:bread":15,"minecraft:wheat_seeds":20,"minecraft:cobblestone":1,"minecraft:apple":1,"minecraft:stick":1,"minecraft:diorite":2,"minecraft:wooden_hoe":1,"minecraft:string":9,"minecraft:dandelion":8,"minecraft:stone_sword":1,"minecraft:tuff":2,"minecraft:stone_shovel":1,"minecraft:composter":2,"minecraft:white_terracotta":2,"minecraft:potato":1,"minecraft:spruce_trapdoor":1,"minecraft:andesite":1,"minecraft:oak_sapling":39,"minecraft:oak_boat":2,"minecraft:golden_leggings":1,"minecraft:spider_eye":1,"minecraft:spruce_log":1},"minecraft:custom":{"minecraft:animals_bred":4,"minecraft:interact_with_crafting_table":106,"minecraft:bell_ring":102,"minecraft:leave_game":9,"minecraft:time_since_death":408232,"minecraft:sprint_one_cm":1060122,"minecraft:damage_blocked_by_shield":1410,"minecraft:drop":137,"minecraft:talked_to_villager":153,"minecraft:play_time":644854,"minecraft:deaths":2,"minecraft:jump":9866,"minecraft:walk_on_water_one_cm":54482,"minecraft:interact_with_furnace":58,"minecraft:traded_with_villager":463,"minecraft:sleep_in_bed":13,"minecraft:damage_dealt":29855,"minecraft:player_kills":1,"minecraft:crouch_one_cm":257883,"minecraft:horse_one_cm":110548,"minecraft:interact_with_anvil":2,"minecraft:mob_kills":169,"minecraft:climb_one_cm":41211,"minecraft:walk_one_cm":1451277,"minecraft:sneak_time":71131,"minecraft:walk_under_water_one_cm":131469,"minecraft:boat_one_cm":16084,"minecraft:interact_with_blast_furnace":9,"minecraft:total_world_time":644854,"minecraft:interact_with_grindstone":1,"minecraft:time_since_rest":13192,"minecraft:damage_taken":6141,"minecraft:damage_absorbed":50,"minecraft:swim_one_cm":141427,"minecraft:fly_one_cm":1649873,"minecraft:open_chest":312,"minecraft:fall_one_cm":229818},"minecraft:crafted":{"minecraft:grindstone":2,"minecraft:oak_planks":572,"minecraft:oak_sign":9,"minecraft:stone":5,"minecraft:diamond_shovel":4,"minecraft:hopper":1,"minecraft:glass":14,"minecraft:diamond_helmet":1,"minecraft:diamond_leggings":1,"minecraft:iron_boots":9,"minecraft:chest":14,"minecraft:stone_hoe":1,"minecraft:oak_fence":3,"minecraft:oak_slab":18,"minecraft:emerald":379,"minecraft:cooked_porkchop":1,"minecraft:diamond_axe":1,"minecraft:crafting_table":8,"minecraft:spruce_planks":5324,"minecraft:wooden_pickaxe":1,"minecraft:iron_helmet":3,"minecraft:smithing_table":1,"minecraft:fletching_table":2,"minecraft:birch_planks":52,"minecraft:spruce_trapdoor":2,"minecraft:wooden_hoe":1,"minecraft:iron_chestplate":1,"minecraft:diamond_pickaxe":2,"minecraft:shield":16,"minecraft:stick":10729,"minecraft:stone_slab":6,"minecraft:iron_pickaxe":6,"minecraft:iron_ingot":89,"minecraft:iron_block":12,"minecraft:stone_sword":2,"minecraft:gold_ingot":9,"minecraft:wooden_sword":2,"minecraft:stone_shovel":1,"minecraft:smooth_stone_slab":12,"minecraft:diamond_hoe":6,"minecraft:furnace":3,"minecraft:bone_meal":33,"minecraft:flint_and_steel":1,"minecraft:oak_trapdoor":2,"minecraft:iron_axe":20,"minecraft:ladder":21,"minecraft:spruce_slab":30,"minecraft:iron_hoe":1,"minecraft:stone_pickaxe":3,"minecraft:cobblestone_wall":60,"minecraft:diamond_boots":1,"minecraft:chainmail_leggings":13,"minecraft:wheat":521,"minecraft:cooked_beef":5,"minecraft:diamond_sword":1,"minecraft:iron_sword":1,"minecraft:leather_helmet":1,"minecraft:bucket":1,"minecraft:stone_axe":13,"minecraft:bread":177,"minecraft:air":0,"minecraft:oak_boat":3,"minecraft:golden_apple":1,"minecraft:iron_shovel":2,"minecraft:iron_leggings":1,"minecraft:anvil":1,"minecraft:white_bed":2,"minecraft:torch":144,"minecraft:diamond_chestplate":1},"minecraft:killed":{"minecraft:spider":7,"minecraft:skeleton":13,"minecraft:chicken":2,"minecraft:pig":5,"minecraft:zombie_villager":3,"minecraft:iron_golem":2,"minecraft:creeper":1,"minecraft:sheep":6,"minecraft:trader_llama":1,"minecraft:donkey":3,"minecraft:zombie":107,"minecraft:cow":14,"minecraft:phantom":1,"minecraft:horse":3,"minecraft:enderman":1},"minecraft:killed_by":{"minecraft:creeper":1},"minecraft:mined":{"minecraft:spruce_planks":1,"minecraft:white_bed":17,"minecraft:farmland":78,"minecraft:cobblestone_stairs":4,"minecraft:brewing_stand":3,"minecraft:spruce_trapdoor":1,"minecraft:granite":22,"minecraft:grass_block":1408,"minecraft:composter":8,"minecraft:oak_wall_sign":2,"minecraft:oxeye_daisy":1,"minecraft:smooth_stone":11,"minecraft:iron_ore":64,"minecraft:cobbled_deepslate":134,"minecraft:fletching_table":2,"minecraft:deepslate_lapis_ore":2,"minecraft:azure_bluet":1,"minecraft:oak_sign":2,"minecraft:dirt_path":230,"minecraft:oak_stairs":9,"minecraft:spruce_slab":3,"minecraft:clay":4,"minecraft:torch":26,"minecraft:blast_furnace":13,"minecraft:poppy":2,"minecraft:chest":4,"minecraft:white_stained_glass_pane":8,"minecraft:glass":4,"minecraft:cobblestone":358,"minecraft:grindstone":4,"minecraft:oak_planks":41,"minecraft:wall_torch":10,"minecraft:white_terracotta":71,"minecraft:birch_log":30,"minecraft:wheat":9,"minecraft:stripped_oak_wood":3,"minecraft:smooth_stone_slab":10,"minecraft:yellow_stained_glass_pane":9,"minecraft:grass":369,"minecraft:oak_log":208,"minecraft:oak_fence_gate":3,"minecraft:sand":15,"minecraft:dirt":1896,"minecraft:stonecutter":1,"minecraft:netherrack":5,"minecraft:oak_leaves":334,"minecraft:deepslate":410,"minecraft:diamond_ore":1,"minecraft:tuff":308,"minecraft:mossy_cobblestone":15,"minecraft:deepslate_diamond_ore":7,"minecraft:oak_door":1,"minecraft:spruce_leaves":263,"minecraft:hay_block":59,"minecraft:oak_trapdoor":9,"minecraft:spruce_sapling":13,"minecraft:furnace":4,"minecraft:carrots":1,"minecraft:andesite":10,"minecraft:gold_block":1,"minecraft:potatoes":4,"minecraft:deepslate_iron_ore":36,"minecraft:stone":835,"minecraft:podzol":53,"minecraft:oak_slab":6,"minecraft:glass_pane":1,"minecraft:dandelion":14,"minecraft:oak_fence":21,"minecraft:crafting_table":23,"minecraft:cornflower":3,"minecraft:rose_bush":1,"minecraft:stone_slab":22,"minecraft:tall_grass":25,"minecraft:copper_ore":5,"minecraft:lapis_ore":3,"minecraft:diorite":6,"minecraft:cobblestone_wall":11,"minecraft:birch_leaves":33,"minecraft:spruce_log":1337,"minecraft:yellow_bed":5,"minecraft:coal_ore":51,"minecraft:sunflower":3,"minecraft:gravel":29,"minecraft:terracotta":4},"minecraft:used":{"minecraft:iron_shovel":466,"minecraft:spruce_slab":10,"minecraft:poppy":1,"minecraft:diamond_hoe":372,"minecraft:ladder":16,"minecraft:oak_sign":9,"minecraft:chest":15,"minecraft:shield":31,"minecraft:white_terracotta":15,"minecraft:iron_sword":187,"minecraft:bell":1,"minecraft:rotten_flesh":2,"minecraft:carrot":7,"minecraft:tuff":299,"minecraft:glass":11,"minecraft:lava_bucket":2,"minecraft:bow":7,"minecraft:furnace":7,"minecraft:oak_sapling":2,"minecraft:diorite":3,"minecraft:stone_pickaxe":240,"minecraft:oak_planks":165,"minecraft:wooden_pickaxe":11,"minecraft:composter":4,"minecraft:diamond_axe":1235,"minecraft:golden_apple":2,"minecraft:blast_furnace":13,"minecraft:bread":124,"minecraft:gravel":45,"minecraft:golden_helmet":1,"minecraft:diamond_sword":156,"minecraft:grindstone":5,"minecraft:smithing_table":1,"minecraft:andesite":5,"minecraft:smooth_stone_slab":21,"minecraft:oak_boat":6,"minecraft:bone_meal":33,"minecraft:golden_pickaxe":32,"minecraft:oak_fence":1,"minecraft:oak_trapdoor":11,"minecraft:stone_sword":111,"minecraft:flint_and_steel":13,"minecraft:stone_shovel":74,"minecraft:spruce_planks":1,"minecraft:stone_hoe":35,"minecraft:torch":190,"minecraft:dirt":1530,"minecraft:anvil":1,"minecraft:hopper":1,"minecraft:cobblestone_wall":63,"minecraft:iron_hoe":113,"minecraft:iron_axe":425,"minecraft:oak_stairs":5,"minecraft:golden_carrot":7,"minecraft:beef":9,"minecraft:cooked_beef":1,"minecraft:cobbled_deepslate":512,"minecraft:golden_axe":17,"minecraft:water_bucket":136,"minecraft:fletching_table":4,"minecraft:mossy_cobblestone":10,"minecraft:terracotta":2,"minecraft:oak_slab":24,"minecraft:crafting_table":28,"minecraft:white_bed":18,"minecraft:spruce_log":3,"minecraft:oak_log":5,"minecraft:wooden_hoe":15,"minecraft:diamond_pickaxe":1008,"minecraft:cornflower":2,"minecraft:diamond_shovel":3076,"minecraft:chicken":2,"minecraft:iron_pickaxe":1199,"minecraft:stone_slab":29,"minecraft:spruce_trapdoor":2,"minecraft:spruce_sapling":106,"minecraft:golden_leggings":1,"minecraft:stone_axe":212,"minecraft:cobblestone":1009,"minecraft:cooked_porkchop":1,"minecraft:porkchop":5,"minecraft:bucket":139,"minecraft:yellow_bed":5,"minecraft:smooth_stone":3}},"DataVersion":3105}