{"stats":{"minecraft:killed":{"minecraft:spider":9,"minecraft:skeleton":15,"minecraft:chicken":2,"minecraft:piglin":5,"minecraft:pig":5,"minecraft:zombie_villager":3,"minecraft:iron_golem":2,"minecraft:creeper":5,"minecraft:sheep":6,"minecraft:trader_llama":1,"minecraft:zombie":120,"minecraft:donkey":3,"minecraft:cow":16,"minecraft:phantom":1,"minecraft:horse":4,"minecraft:enderman":1},"minecraft:dropped":{"minecraft:iron_sword":1,"minecraft:diamond_axe":4,"minecraft:saddle":1,"minecraft:leather_helmet":1,"minecraft:emerald":113,"minecraft:dirt":192,"minecraft:cornflower":1,"minecraft:wooden_sword":12,"minecraft:iron_pickaxe":2,"minecraft:white_wool":1,"minecraft:gold_ingot":4,"minecraft:stone_axe":7,"minecraft:sugar_cane":1,"minecraft:cobbled_deepslate":1,"minecraft:wheat":11,"minecraft:rotten_flesh":43,"minecraft:azure_bluet":2,"minecraft:white_bed":1,"minecraft:carrot":114,"minecraft:poppy":4,"minecraft:chest":1,"minecraft:arrow":2,"minecraft:netherrack":7,"minecraft:lectern":1,"minecraft:egg":2,"minecraft:stone_hoe":1,"minecraft:bread":15,"minecraft:wheat_seeds":43,"minecraft:lead":1,"minecraft:iron_helmet":1,"minecraft:cobblestone":4,"minecraft:apple":1,"minecraft:stick":80,"minecraft:oxeye_daisy":1,"minecraft:diorite":2,"minecraft:wooden_hoe":1,"minecraft:chainmail_leggings":1,"minecraft:string":10,"minecraft:spruce_sapling":2,"minecraft:dandelion":8,"minecraft:oak_trapdoor":3,"minecraft:stone_sword":1,"minecraft:tuff":2,"minecraft:stone_shovel":1,"minecraft:composter":2,"minecraft:iron_boots":1,"minecraft:white_terracotta":2,"minecraft:diamond_sword":1,"minecraft:potato":1,"minecraft:shield":1,"minecraft:spruce_trapdoor":1,"minecraft:diamond_pickaxe":2,"minecraft:andesite":2,"minecraft:golden_leggings":1,"minecraft:oak_boat":2,"minecraft:oak_sapling":39,"minecraft:carved_pumpkin":1,"minecraft:spider_eye":1,"minecraft:spruce_log":1},"minecraft:killed_by":{"minecraft:creeper":1,"minecraft:player":1},"minecraft:used":{"minecraft:iron_shovel":466,"minecraft:spruce_slab":10,"minecraft:ladder":16,"minecraft:poppy":1,"minecraft:diamond_hoe":372,"minecraft:oak_sign":11,"minecraft:chest":21,"minecraft:white_terracotta":19,"minecraft:shield":41,"minecraft:iron_sword":187,"minecraft:bell":1,"minecraft:rotten_flesh":2,"minecraft:carrot":7,"minecraft:tuff":299,"minecraft:glass":11,"minecraft:lava_bucket":18,"minecraft:light_blue_bed":1,"minecraft:bow":14,"minecraft:oak_sapling":2,"minecraft:furnace":7,"minecraft:diorite":3,"minecraft:stone_pickaxe":240,"minecraft:oak_planks":331,"minecraft:wooden_pickaxe":11,"minecraft:composter":11,"minecraft:sugar_cane":148,"minecraft:diamond_axe":1352,"minecraft:golden_apple":2,"minecraft:sand":3,"minecraft:blast_furnace":13,"minecraft:shears":1,"minecraft:bread":170,"minecraft:lectern":87,"minecraft:gravel":49,"minecraft:golden_helmet":1,"minecraft:diamond_sword":253,"minecraft:grindstone":5,"minecraft:smithing_table":1,"minecraft:andesite":5,"minecraft:smooth_stone_slab":21,"minecraft:oak_boat":11,"minecraft:bone_meal":33,"minecraft:golden_pickaxe":32,"minecraft:oak_fence":1,"minecraft:oak_trapdoor":79,"minecraft:stone_sword":111,"minecraft:flint_and_steel":14,"minecraft:stone_shovel":74,"minecraft:spruce_planks":1,"minecraft:netherrack":47,"minecraft:stone_hoe":35,"minecraft:torch":401,"minecraft:dirt":3238,"minecraft:anvil":1,"minecraft:hopper":11,"minecraft:cobblestone_wall":63,"minecraft:diamond_helmet":1,"minecraft:iron_hoe":113,"minecraft:iron_axe":617,"minecraft:oak_stairs":5,"minecraft:diamond_chestplate":1,"minecraft:golden_carrot":7,"minecraft:beef":9,"minecraft:cooked_beef":15,"minecraft:cobbled_deepslate":512,"minecraft:golden_axe":17,"minecraft:cooked_mutton":1,"minecraft:water_bucket":264,"minecraft:baked_potato":1,"minecraft:cauldron":2,"minecraft:spruce_sign":2,"minecraft:fletching_table":9,"minecraft:mossy_cobblestone":10,"minecraft:terracotta":2,"minecraft:oak_slab":28,"minecraft:crafting_table":36,"minecraft:white_bed":30,"minecraft:spruce_log":3,"minecraft:oak_log":5,"minecraft:wooden_hoe":15,"minecraft:cornflower":2,"minecraft:diamond_pickaxe":2874,"minecraft:diamond_shovel":4152,"minecraft:chicken":2,"minecraft:iron_pickaxe":1427,"minecraft:stone_slab":34,"minecraft:spruce_trapdoor":2,"minecraft:spruce_sapling":253,"minecraft:golden_leggings":1,"minecraft:stone_axe":212,"minecraft:cobblestone":4157,"minecraft:porkchop":5,"minecraft:cooked_porkchop":1,"minecraft:bucket":287,"minecraft:yellow_bed":7,"minecraft:diamond_leggings":1,"minecraft:smooth_stone":3},"minecraft:crafted":{"minecraft:grindstone":2,"minecraft:oak_planks":1064,"minecraft:oak_sign":9,"minecraft:stone":5,"minecraft:diamond_shovel":4,"minecraft:bookshelf":2,"minecraft:cooked_mutton":1,"minecraft:glass":14,"minecraft:hopper":5,"minecraft:diamond_helmet":1,"minecraft:bow":1,"minecraft:diamond_leggings":1,"minecraft:iron_boots":9,"minecraft:chest":23,"minecraft:stone_hoe":1,"minecraft:oak_fence":3,"minecraft:golden_boots":1,"minecraft:oak_slab":24,"minecraft:emerald":497,"minecraft:cauldron":1,"minecraft:cooked_porkchop":1,"minecraft:diamond_axe":2,"minecraft:crafting_table":9,"minecraft:spruce_planks":6824,"minecraft:baked_potato":1,"minecraft:wooden_pickaxe":1,"minecraft:iron_helmet":3,"minecraft:smithing_table":1,"minecraft:fletching_table":2,"minecraft:birch_planks":52,"minecraft:spruce_trapdoor":2,"minecraft:lectern":2,"minecraft:wooden_hoe":1,"minecraft:iron_chestplate":1,"minecraft:book":10,"minecraft:paper":117,"minecraft:diamond_pickaxe":3,"minecraft:yellow_dye":1,"minecraft:shield":16,"minecraft:stick":13994,"minecraft:stone_slab":6,"minecraft:light_blue_dye":2,"minecraft:iron_ingot":124,"minecraft:iron_pickaxe":6,"minecraft:stone_sword":2,"minecraft:iron_block":23,"minecraft:light_blue_bed":1,"minecraft:gold_ingot":12,"minecraft:light_gray_dye":1,"minecraft:shears":1,"minecraft:wooden_sword":2,"minecraft:stone_shovel":1,"minecraft:smooth_stone_slab":12,"minecraft:diamond_hoe":6,"minecraft:furnace":3,"minecraft:bone_meal":48,"minecraft:oak_trapdoor":74,"minecraft:flint_and_steel":1,"minecraft:iron_axe":20,"minecraft:ladder":21,"minecraft:iron_hoe":1,"minecraft:spruce_slab":30,"minecraft:stone_pickaxe":3,"minecraft:cobblestone_wall":60,"minecraft:diamond_boots":1,"minecraft:chainmail_leggings":13,"minecraft:wheat":539,"minecraft:cooked_beef":19,"minecraft:diamond_sword":1,"minecraft:spruce_sign":3,"minecraft:iron_sword":1,"minecraft:leather_helmet":1,"minecraft:bucket":6,"minecraft:stone_axe":13,"minecraft:enchanted_book":3,"minecraft:bread":183,"minecraft:air":0,"minecraft:blue_dye":1,"minecraft:oak_boat":3,"minecraft:golden_apple":1,"minecraft:white_dye":1,"minecraft:iron_shovel":2,"minecraft:iron_leggings":1,"minecraft:anvil":1,"minecraft:white_bed":3,"minecraft:torch":296,"minecraft:diamond_chestplate":1},"minecraft:custom":{"minecraft:animals_bred":8,"minecraft:interact_with_crafting_table":150,"minecraft:bell_ring":102,"minecraft:leave_game":10,"minecraft:time_since_death":170983,"minecraft:sprint_one_cm":1893205,"minecraft:damage_blocked_by_shield":2295,"minecraft:drop":261,"minecraft:talked_to_villager":279,"minecraft:play_time":1000864,"minecraft:deaths":4,"minecraft:jump":15632,"minecraft:walk_on_water_one_cm":71792,"minecraft:interact_with_furnace":71,"minecraft:traded_with_villager":586,"minecraft:sleep_in_bed":20,"minecraft:damage_dealt":35950,"minecraft:player_kills":10,"minecraft:crouch_one_cm":356038,"minecraft:horse_one_cm":145788,"minecraft:interact_with_anvil":6,"minecraft:mob_kills":198,"minecraft:inspect_hopper":2,"minecraft:climb_one_cm":52939,"minecraft:walk_one_cm":2649412,"minecraft:sneak_time":95027,"minecraft:walk_under_water_one_cm":167276,"minecraft:boat_one_cm":33812,"minecraft:interact_with_blast_furnace":9,"minecraft:total_world_time":1000864,"minecraft:interact_with_grindstone":1,"minecraft:time_since_rest":53916,"minecraft:damage_absorbed":50,"minecraft:damage_taken":8755,"minecraft:swim_one_cm":181441,"minecraft:fly_one_cm":2801559,"minecraft:open_chest":571,"minecraft:fall_one_cm":324221},"minecraft:mined":{"minecraft:spruce_planks":1,"minecraft:white_bed":27,"minecraft:farmland":78,"minecraft:cobblestone_stairs":4,"minecraft:brewing_stand":3,"minecraft:obsidian":8,"minecraft:carved_pumpkin":1,"minecraft:spruce_trapdoor":1,"minecraft:granite":22,"minecraft:grass_block":1967,"minecraft:composter":15,"minecraft:hopper":6,"minecraft:oak_wall_sign":2,"minecraft:oxeye_daisy":3,"minecraft:smooth_stone":11,"minecraft:magma_block":8,"minecraft:iron_ore":73,"minecraft:cobbled_deepslate":134,"minecraft:fletching_table":7,"minecraft:deepslate_lapis_ore":2,"minecraft:azure_bluet":1,"minecraft:oak_sign":3,"minecraft:dirt_path":242,"minecraft:oak_stairs":9,"minecraft:spruce_slab":3,"minecraft:clay":4,"minecraft:torch":87,"minecraft:blast_furnace":13,"minecraft:poppy":3,"minecraft:chest":5,"minecraft:white_stained_glass_pane":8,"minecraft:nether_quartz_ore":10,"minecraft:glass":4,"minecraft:cobblestone":589,"minecraft:grindstone":4,"minecraft:sugar_cane":282,"minecraft:oak_planks":80,"minecraft:wall_torch":10,"minecraft:cauldron":1,"minecraft:white_terracotta":75,"minecraft:birch_log":30,"minecraft:wheat":9,"minecraft:stripped_oak_wood":3,"minecraft:smooth_stone_slab":10,"minecraft:yellow_stained_glass_pane":9,"minecraft:grass":591,"minecraft:oak_log":265,"minecraft:oak_fence_gate":3,"minecraft:sand":20,"minecraft:dirt":2376,"minecraft:stonecutter":1,"minecraft:netherrack":213,"minecraft:oak_leaves":340,"minecraft:deepslate":410,"minecraft:nether_gold_ore":8,"minecraft:diamond_ore":1,"minecraft:tuff":308,"minecraft:mossy_cobblestone":15,"minecraft:deepslate_diamond_ore":7,"minecraft:oak_door":1,"minecraft:spruce_leaves":270,"minecraft:hay_block":59,"minecraft:oak_trapdoor":11,"minecraft:spruce_sapling":65,"minecraft:furnace":4,"minecraft:carrots":1,"minecraft:andesite":11,"minecraft:stripped_spruce_log":1,"minecraft:gold_block":1,"minecraft:potatoes":4,"minecraft:deepslate_iron_ore":36,"minecraft:stone":2323,"minecraft:podzol":98,"minecraft:oak_slab":6,"minecraft:glass_pane":1,"minecraft:dandelion":18,"minecraft:oak_fence":24,"minecraft:crafting_table":29,"minecraft:cornflower":3,"minecraft:rose_bush":1,"minecraft:lectern":85,"minecraft:stone_slab":28,"minecraft:tall_grass":33,"minecraft:copper_ore":38,"minecraft:lapis_ore":3,"minecraft:diorite":6,"minecraft:cobblestone_wall":11,"minecraft:spruce_log":1422,"minecraft:birch_leaves":33,"minecraft:yellow_bed":8,"minecraft:coal_ore":115,"minecraft:sunflower":3,"minecraft:gravel":60,"minecraft:terracotta":4},"minecraft:picked_up":{"minecraft:wooden_axe":1,"minecraft:iron_chestplate":1,"minecraft:wheat":19,"minecraft:chainmail_boots":1,"minecraft:stone_slab":32,"minecraft:lead":11,"minecraft:diamond_sword":1,"minecraft:oak_stairs":9,"minecraft:brewing_stand":3,"minecraft:golden_sword":1,"minecraft:string":15,"minecraft:raw_copper":131,"minecraft:smooth_stone_slab":8,"minecraft:oak_sign":6,"minecraft:diamond_leggings":1,"minecraft:gold_nugget":31,"minecraft:cobbled_deepslate":594,"minecraft:smooth_stone":11,"minecraft:bucket":1,"minecraft:spruce_planks":34,"minecraft:rose_bush":1,"minecraft:iron_pickaxe":2,"minecraft:furnace":5,"minecraft:iron_boots":3,"minecraft:golden_helmet":1,"minecraft:stick":311,"minecraft:composter":17,"minecraft:oak_fence":24,"minecraft:torch":227,"minecraft:porkchop":8,"minecraft:diorite":5,"minecraft:cauldron":1,"minecraft:rotten_flesh":116,"minecraft:carved_pumpkin":1,"minecraft:white_terracotta":76,"minecraft:obsidian":8,"minecraft:cobblestone":3232,"minecraft:birch_log":30,"minecraft:feather":3,"minecraft:water_bucket":1,"minecraft:andesite":15,"minecraft:brown_wool":3,"minecraft:golden_leggings":1,"minecraft:potato":67,"minecraft:flint":12,"minecraft:tuff":307,"minecraft:lapis_lazuli":30,"minecraft:dirt":4814,"minecraft:name_tag":4,"minecraft:bone":41,"minecraft:stonecutter":1,"minecraft:bow":1,"minecraft:wheat_seeds":157,"minecraft:bell":1,"minecraft:grindstone":4,"minecraft:fletching_table":7,"minecraft:diamond_helmet":1,"minecraft:oak_planks":101,"minecraft:music_disc_13":2,"minecraft:sand":17,"minecraft:grass_block":1,"minecraft:mossy_cobblestone":15,"minecraft:diamond":11,"minecraft:golden_apple":1,"minecraft:emerald":209,"minecraft:bread":8,"minecraft:oak_sapling":78,"minecraft:netherrack":195,"minecraft:diamond_pickaxe":4,"minecraft:crafting_table":31,"minecraft:azure_bluet":5,"minecraft:chicken":2,"minecraft:clay_ball":16,"minecraft:wooden_pickaxe":1,"minecraft:gold_block":1,"minecraft:shield":4,"minecraft:cornflower":4,"minecraft:oak_trapdoor":14,"minecraft:iron_axe":6,"minecraft:wooden_sword":11,"minecraft:flint_and_steel":1,"minecraft:beef":38,"minecraft:oak_boat":11,"minecraft:poppy":8,"minecraft:spruce_slab":3,"minecraft:lectern":86,"minecraft:sugar_cane":335,"minecraft:chest":4,"minecraft:birch_sapling":7,"minecraft:diamond_hoe":1,"minecraft:spruce_trapdoor":1,"minecraft:egg":3,"minecraft:raw_iron":231,"minecraft:oak_door":1,"minecraft:carrot":215,"minecraft:redstone":2,"minecraft:iron_horse_armor":1,"minecraft:arrow":15,"minecraft:diamond_chestplate":1,"minecraft:shears":1,"minecraft:diamond_boots":1,"minecraft:hay_block":61,"minecraft:saddle":1,"minecraft:gold_ingot":3,"minecraft:mutton":12,"minecraft:white_wool":10,"minecraft:oxeye_daisy":7,"minecraft:leather":45,"minecraft:oak_log":282,"minecraft:cobblestone_wall":8,"minecraft:yellow_bed":7,"minecraft:gunpowder":9,"minecraft:cobblestone_stairs":3,"minecraft:apple":7,"minecraft:oak_fence_gate":3,"minecraft:iron_ingot":78,"minecraft:stripped_oak_wood":3,"minecraft:iron_sword":3,"minecraft:oak_slab":9,"minecraft:quartz":10,"minecraft:dandelion":56,"minecraft:gravel":79,"minecraft:lava_bucket":2,"minecraft:blast_furnace":13,"minecraft:spruce_sapling":365,"minecraft:white_bed":30,"minecraft:spruce_log":1443,"minecraft:spider_eye":4,"minecraft:diamond_shovel":1,"minecraft:pumpkin_seeds":6,"minecraft:stone_axe":7,"minecraft:chainmail_leggings":1,"minecraft:iron_helmet":2,"minecraft:diamond_axe":4,"minecraft:terracotta":4,"minecraft:coal":159,"minecraft:hopper":6,"minecraft:sunflower":2},"minecraft:broken":{"minecraft:stone_pickaxe":1,"minecraft:stone_axe":1,"minecraft:iron_pickaxe":5,"minecraft:golden_pickaxe":1}},"DataVersion":3105}