{"stats":{"minecraft:mined":{"minecraft:furnace":1,"minecraft:iron_ore":37,"minecraft:smoker":1,"minecraft:birch_log":6,"minecraft:dandelion":1,"minecraft:crafting_table":2,"minecraft:granite":5,"minecraft:short_grass":7,"minecraft:coal_ore":77,"minecraft:grass_block":1,"minecraft:oak_log":9,"minecraft:dirt":5,"minecraft:cobblestone":2,"minecraft:tall_grass":1,"minecraft:stone":193,"minecraft:diorite":4},"minecraft:custom":{"minecraft:time_since_rest":27154,"minecraft:interact_with_furnace":10,"minecraft:sprint_one_cm":34420,"minecraft:damage_taken":510,"minecraft:walk_one_cm":96314,"minecraft:mob_kills":12,"minecraft:drop":4,"minecraft:damage_dealt":1160,"minecraft:interact_with_crafting_table":12,"minecraft:fly_one_cm":16757,"minecraft:crouch_one_cm":824,"minecraft:play_time":29516,"minecraft:deaths":1,"minecraft:sneak_time":280,"minecraft:jump":351,"minecraft:time_since_death":26996,"minecraft:interact_with_smoker":5,"minecraft:total_world_time":29516,"minecraft:fall_one_cm":3847},"minecraft:broken":{"minecraft:stone_pickaxe":2,"minecraft:wooden_pickaxe":1},"minecraft:used":{"minecraft:cooked_mutton":3,"minecraft:wooden_axe":30,"minecraft:stone_pickaxe":262,"minecraft:oak_planks":10,"minecraft:wooden_pickaxe":59,"minecraft:torch":2,"minecraft:stone_axe":1,"minecraft:dirt":1,"minecraft:cobblestone":5,"minecraft:crafting_table":3,"minecraft:furnace":2,"minecraft:smoker":1},"minecraft:dropped":{"minecraft:wheat_seeds":3,"minecraft:wooden_axe":1},"minecraft:picked_up":{"minecraft:birch_log":6,"minecraft:raw_iron":37,"minecraft:crafting_table":2,"minecraft:dandelion":1,"minecraft:smoker":1,"minecraft:porkchop":30,"minecraft:oak_log":9,"minecraft:diorite":4,"minecraft:dirt":6,"minecraft:rotten_flesh":1,"minecraft:wheat_seeds":4,"minecraft:granite":5,"minecraft:coal":77,"minecraft:mutton":4,"minecraft:oak_planks":11,"minecraft:furnace":1,"minecraft:white_wool":2,"minecraft:cobblestone":195,"minecraft:egg":1},"minecraft:crafted":{"minecraft:oak_planks":36,"minecraft:iron_boots":2,"minecraft:cooked_porkchop":12,"minecraft:crafting_table":1,"minecraft:stick":24,"minecraft:iron_helmet":1,"minecraft:iron_pickaxe":1,"minecraft:iron_ingot":16,"minecraft:wooden_pickaxe":1,"minecraft:stone_pickaxe":2,"minecraft:wooden_axe":1,"minecraft:furnace":2,"minecraft:torch":4,"minecraft:birch_planks":8,"minecraft:stone_axe":1,"minecraft:air":0,"minecraft:cooked_mutton":4,"minecraft:smoker":1},"minecraft:killed_by":{"minecraft:pillager":1},"minecraft:killed":{"minecraft:sheep":2,"minecraft:pig":10}},"DataVersion":3953}