{"stats":{"minecraft:mined":{"minecraft:smoker":1,"minecraft:dandelion":1,"minecraft:crafting_table":3,"minecraft:granite":5,"minecraft:short_grass":8,"minecraft:grass_block":3,"minecraft:tall_grass":1,"minecraft:cobblestone":4,"minecraft:lapis_ore":1,"minecraft:oak_planks":3,"minecraft:diorite":4,"minecraft:wall_torch":1,"minecraft:furnace":5,"minecraft:birch_log":6,"minecraft:iron_ore":64,"minecraft:deepslate_lapis_ore":1,"minecraft:oak_log":11,"minecraft:coal_ore":79,"minecraft:deepslate_iron_ore":1,"minecraft:dirt":6,"minecraft:stone":216,"minecraft:white_wool":1,"minecraft:deepslate":4},"minecraft:custom":{"minecraft:interact_with_furnace":24,"minecraft:mob_kills":13,"minecraft:interact_with_crafting_table":16,"minecraft:time_since_death":38996,"minecraft:sleep_in_bed":1,"minecraft:time_since_rest":0,"minecraft:sprint_one_cm":52937,"minecraft:damage_taken":534,"minecraft:walk_one_cm":141108,"minecraft:drop":4,"minecraft:damage_dealt":1228,"minecraft:fly_one_cm":26281,"minecraft:crouch_one_cm":3915,"minecraft:play_time":41516,"minecraft:deaths":1,"minecraft:sneak_time":1379,"minecraft:jump":618,"minecraft:walk_on_water_one_cm":5511,"minecraft:total_world_time":41516,"minecraft:interact_with_smoker":5,"minecraft:fall_one_cm":5890},"minecraft:broken":{"minecraft:stone_pickaxe":2,"minecraft:wooden_pickaxe":1},"minecraft:used":{"minecraft:cooked_mutton":4,"minecraft:stone_pickaxe":262,"minecraft:oak_planks":11,"minecraft:wooden_pickaxe":59,"minecraft:torch":3,"minecraft:dirt":1,"minecraft:crafting_table":4,"minecraft:white_bed":1,"minecraft:smoker":1,"minecraft:wooden_axe":30,"minecraft:iron_pickaxe":65,"minecraft:stone_axe":11,"minecraft:cobblestone":51,"minecraft:furnace":5,"minecraft:cobbled_deepslate":4},"minecraft:dropped":{"minecraft:wheat_seeds":3,"minecraft:wooden_axe":1},"minecraft:picked_up":{"minecraft:birch_log":6,"minecraft:crafting_table":3,"minecraft:chicken":1,"minecraft:smoker":1,"minecraft:oak_log":26,"minecraft:lapis_lazuli":13,"minecraft:dirt":9,"minecraft:wheat_seeds":4,"minecraft:cobbled_deepslate":4,"minecraft:oak_planks":14,"minecraft:egg":1,"minecraft:furnace":5,"minecraft:raw_iron":65,"minecraft:cooked_porkchop":2,"minecraft:torch":1,"minecraft:dandelion":1,"minecraft:porkchop":30,"minecraft:diorite":4,"minecraft:rotten_flesh":1,"minecraft:granite":5,"minecraft:mutton":4,"minecraft:coal":146,"minecraft:cobblestone":220,"minecraft:white_wool":3},"minecraft:crafted":{"minecraft:oak_planks":104,"minecraft:cooked_porkchop":12,"minecraft:crafting_table":1,"minecraft:wooden_pickaxe":1,"minecraft:iron_helmet":1,"minecraft:furnace":5,"minecraft:birch_planks":8,"minecraft:stone_axe":1,"minecraft:cooked_mutton":4,"minecraft:air":0,"minecraft:iron_boots":2,"minecraft:iron_chestplate":1,"minecraft:stick":24,"minecraft:iron_ingot":63,"minecraft:iron_pickaxe":1,"minecraft:stone_pickaxe":2,"minecraft:wooden_axe":1,"minecraft:iron_leggings":1,"minecraft:white_bed":1,"minecraft:torch":4,"minecraft:smoker":1},"minecraft:killed_by":{"minecraft:pillager":1},"minecraft:killed":{"minecraft:pig":10,"minecraft:sheep":2,"minecraft:zombie":1}},"DataVersion":3953}