{"stats":{"minecraft:broken":{"minecraft:iron_boots":1,"minecraft:shield":2,"minecraft:stone_axe":2,"minecraft:iron_helmet":1,"minecraft:wooden_axe":1},"minecraft:crafted":{"minecraft:oak_planks":8,"minecraft:furnace":2,"minecraft:cooked_mutton":19,"minecraft:iron_boots":1,"minecraft:stone_pickaxe":1,"minecraft:spruce_boat":1,"minecraft:smoker":1,"minecraft:wheat":279,"minecraft:cooked_beef":10,"minecraft:cooked_porkchop":6,"minecraft:crafting_table":6,"minecraft:spruce_planks":416,"minecraft:wooden_pickaxe":1,"minecraft:iron_helmet":1,"minecraft:stone_axe":1,"minecraft:bread":93,"minecraft:air":0,"minecraft:spruce_trapdoor":4,"minecraft:wooden_hoe":1,"minecraft:charcoal":1,"minecraft:shield":3,"minecraft:stick":12,"minecraft:iron_ingot":43,"minecraft:iron_pickaxe":1,"minecraft:wooden_axe":1,"minecraft:stone_sword":1,"minecraft:iron_leggings":1,"minecraft:white_bed":5,"minecraft:torch":44},"minecraft:mined":{"minecraft:spruce_planks":19,"minecraft:white_bed":7,"minecraft:mossy_cobblestone":4,"minecraft:deepslate_diamond_ore":3,"minecraft:cobblestone_stairs":11,"minecraft:grass_block":23,"minecraft:spruce_leaves":1,"minecraft:composter":3,"minecraft:cartography_table":1,"minecraft:oxeye_daisy":1,"minecraft:spawner":2,"minecraft:large_fern":2,"minecraft:hay_block":45,"minecraft:spruce_sapling":7,"minecraft:furnace":2,"minecraft:iron_ore":23,"minecraft:cobbled_deepslate":4,"minecraft:andesite":2,"minecraft:pumpkin":13,"minecraft:fletching_table":1,"minecraft:deepslate_lapis_ore":2,"minecraft:bell":1,"minecraft:bookshelf":47,"minecraft:dirt_path":2,"minecraft:deepslate_iron_ore":41,"minecraft:vine":1,"minecraft:stone":65,"minecraft:potted_orange_tulip":1,"minecraft:smithing_table":1,"minecraft:deepslate_redstone_ore":4,"minecraft:smoker":1,"minecraft:dandelion":3,"minecraft:oak_fence":16,"minecraft:cornflower":1,"minecraft:crafting_table":3,"minecraft:torch":4,"minecraft:blast_furnace":3,"minecraft:poppy":1,"minecraft:polished_andesite_stairs":1,"minecraft:chest":1,"minecraft:rose_bush":9,"minecraft:lectern":2,"minecraft:tall_grass":7,"minecraft:cobblestone":9,"minecraft:deepslate_gold_ore":16,"minecraft:lapis_ore":11,"minecraft:sugar_cane":10,"minecraft:diorite":2,"minecraft:wheat":1,"minecraft:sweet_berry_bush":34,"minecraft:lilac":2,"minecraft:spruce_log":7,"minecraft:birch_leaves":1,"minecraft:yellow_bed":2,"minecraft:grass":46,"minecraft:coal_ore":40,"minecraft:loom":2,"minecraft:dirt":41,"minecraft:sand":1,"minecraft:cobweb":1,"minecraft:cracked_stone_bricks":1,"minecraft:polished_andesite":1,"minecraft:stone_bricks":4,"minecraft:mossy_stone_bricks":2,"minecraft:oak_leaves":1,"minecraft:deepslate":29,"minecraft:fern":4},"minecraft:dropped":{"minecraft:iron_ingot":8,"minecraft:bread":64,"minecraft:iron_sword":2,"minecraft:wheat_seeds":1,"minecraft:crafting_table":2,"minecraft:feather":2,"minecraft:leather":19,"minecraft:coal":24,"dixtas_armory:stone_dagger":1,"minecraft:wooden_axe":1,"minecraft:white_wool":4,"minecraft:spruce_sapling":3,"minecraft:dandelion":1,"minecraft:bone":22,"minecraft:furnace":2,"minecraft:birch_sapling":2,"minecraft:chicken":1,"minecraft:rotten_flesh":20,"minecraft:smoker":1,"minecraft:salmon":1,"dixtas_armory:stone_greatsword":1,"minecraft:shield":1,"minecraft:spruce_planks":1,"minecraft:andesite":2,"minecraft:oak_sapling":5,"minecraft:arrow":10,"minecraft:wooden_pickaxe":1,"minecraft:egg":2},"minecraft:custom":{"minecraft:interact_with_anvil":1,"minecraft:mob_kills":83,"minecraft:interact_with_crafting_table":25,"minecraft:open_barrel":5,"minecraft:leave_game":7,"minecraft:time_since_death":819,"minecraft:climb_one_cm":7316,"minecraft:sprint_one_cm":646369,"minecraft:walk_one_cm":791735,"minecraft:damage_blocked_by_shield":5878,"minecraft:drop":115,"minecraft:talked_to_villager":12,"minecraft:play_time":270847,"minecraft:sneak_time":45477,"minecraft:deaths":22,"minecraft:walk_under_water_one_cm":24517,"minecraft:boat_one_cm":51992,"minecraft:jump":4535,"minecraft:walk_on_water_one_cm":44788,"minecraft:total_world_time":270847,"minecraft:interact_with_furnace":15,"minecraft:interact_with_cartography_table":1,"minecraft:sleep_in_bed":8,"minecraft:time_since_rest":850,"minecraft:damage_taken":9237,"minecraft:trigger_trapped_chest":4,"minecraft:damage_dealt":13458,"minecraft:player_kills":4,"minecraft:swim_one_cm":49263,"minecraft:fly_one_cm":571587,"minecraft:open_chest":50,"minecraft:crouch_one_cm":47101,"minecraft:interact_with_smoker":9,"minecraft:fall_one_cm":105159},"minecraft:used":{"minecraft:stone_sword":1,"minecraft:spruce_planks":318,"minecraft:shield":90,"minecraft:iron_sword":293,"minecraft:bell":2,"dixtas_armory:stone_shortsword":6,"minecraft:torch":116,"minecraft:dirt":60,"dixtas_armory:stone_greatsword":25,"minecraft:spruce_boat":1,"minecraft:wooden_axe":6,"minecraft:iron_axe":27,"dixtas_armory:stone_dagger":3,"minecraft:stone_bricks":19,"minecraft:bow":17,"minecraft:beef":14,"minecraft:furnace":1,"minecraft:cooked_beef":10,"minecraft:cobbled_deepslate":30,"minecraft:cooked_mutton":7,"minecraft:stone_pickaxe":114,"minecraft:wooden_pickaxe":22,"minecraft:sugar_cane":13,"minecraft:fletching_table":1,"minecraft:salmon":1,"minecraft:crafting_table":7,"minecraft:blast_furnace":3,"minecraft:white_bed":12,"minecraft:spruce_log":11,"minecraft:smoker":1,"minecraft:wooden_hoe":33,"minecraft:spruce_trapdoor":4,"minecraft:chicken":2,"minecraft:iron_pickaxe":177,"minecraft:bread":33,"minecraft:lectern":1,"minecraft:stone_axe":205,"minecraft:cobblestone":34,"minecraft:porkchop":4,"minecraft:cooked_porkchop":6,"minecraft:yellow_bed":2},"minecraft:picked_up":{"minecraft:wooden_axe":1,"minecraft:crafting_table":3,"minecraft:chicken":5,"minecraft:flower_pot":1,"minecraft:smithing_table":1,"minecraft:cornflower":1,"minecraft:string":17,"minecraft:iron_axe":1,"minecraft:item_frame":3,"minecraft:cracked_stone_bricks":2,"minecraft:cartography_table":1,"minecraft:cobbled_deepslate":30,"minecraft:spruce_planks":83,"minecraft:beef":30,"minecraft:rose_bush":22,"minecraft:iron_pickaxe":1,"minecraft:lectern":2,"minecraft:sugar_cane":29,"minecraft:birch_sapling":2,"minecraft:furnace":2,"minecraft:iron_boots":2,"minecraft:egg":4,"minecraft:stick":41,"minecraft:raw_iron":85,"minecraft:composter":3,"minecraft:oak_fence":16,"minecraft:torch":72,"minecraft:porkchop":9,"minecraft:diorite":6,"minecraft:redstone":20,"minecraft:arrow":29,"minecraft:rotten_flesh":51,"minecraft:hay_block":45,"dixtas_armory:stone_dagger":2,"dixtas_armory:stone_shortsword":2,"minecraft:mutton":21,"minecraft:white_wool":19,"minecraft:cobblestone":86,"minecraft:oxeye_daisy":2,"minecraft:cooked_beef":7,"minecraft:feather":4,"minecraft:lilac":1,"minecraft:iron_door":1,"minecraft:andesite":2,"minecraft:salmon":3,"minecraft:leather":22,"minecraft:smoker":1,"minecraft:potato":9,"minecraft:oak_log":11,"minecraft:yellow_bed":2,"minecraft:cobblestone_stairs":8,"minecraft:lapis_lazuli":80,"minecraft:dirt":92,"dixtas_armory:stone_greatsword":3,"minecraft:bone":38,"minecraft:apple":2,"minecraft:stone_bricks":23,"minecraft:bow":1,"minecraft:wheat_seeds":12,"minecraft:orange_tulip":1,"minecraft:raw_gold":16,"minecraft:bell":3,"minecraft:iron_ingot":3,"minecraft:stone_pickaxe":1,"minecraft:mossy_stone_bricks":3,"minecraft:fletching_table":2,"minecraft:iron_sword":4,"minecraft:book":177,"minecraft:cooked_porkchop":6,"minecraft:pumpkin":26,"minecraft:sweet_berries":162,"minecraft:dandelion":2,"minecraft:sand":1,"minecraft:spruce_sapling":15,"minecraft:blast_furnace":3,"minecraft:white_bed":8,"minecraft:spruce_log":339,"minecraft:loom":2,"minecraft:spider_eye":1,"minecraft:mossy_cobblestone":2,"minecraft:polished_andesite":3,"minecraft:diamond":3,"minecraft:stone_axe":2,"minecraft:bread":2,"minecraft:oak_sapling":7,"minecraft:coal":125},"minecraft:killed":{"minecraft:spider":3,"minecraft:skeleton":9,"minecraft:horse":3,"minecraft:chicken":3,"minecraft:pig":3,"minecraft:salmon":2,"minecraft:creeper":1,"minecraft:sheep":9,"minecraft:zombie":30,"minecraft:cow":15},"minecraft:killed_by":{"minecraft:player":10,"minecraft:skeleton":6,"minecraft:zombie":5}},"DataVersion":3105}