{"stats":{"minecraft:mined":{"minecraft:tall_grass":1,"minecraft:short_grass":5,"minecraft:oak_log":4},"minecraft:custom":{"minecraft:jump":101,"minecraft:time_since_rest":3154,"minecraft:crouch_one_cm":89,"minecraft:deaths":1,"minecraft:sprint_one_cm":18818,"minecraft:play_time":5516,"minecraft:damage_taken":490,"minecraft:time_since_death":2996,"minecraft:walk_one_cm":16723,"minecraft:sneak_time":84,"minecraft:total_world_time":5516,"minecraft:drop":3,"minecraft:fall_one_cm":2127,"minecraft:fly_one_cm":10972},"minecraft:dropped":{"minecraft:wheat_seeds":3},"minecraft:picked_up":{"minecraft:oak_log":4,"minecraft:wheat_seeds":3},"minecraft:killed_by":{"minecraft:pillager":1}},"DataVersion":3953}