{"stats":{"minecraft:mined":{"minecraft:furnace":1,"minecraft:birch_log":6,"minecraft:dandelion":1,"minecraft:crafting_table":1,"minecraft:short_grass":7,"minecraft:coal_ore":19,"minecraft:grass_block":1,"minecraft:oak_log":9,"minecraft:dirt":5,"minecraft:tall_grass":1,"minecraft:stone":93},"minecraft:broken":{"minecraft:wooden_pickaxe":1},"minecraft:custom":{"minecraft:time_since_rest":15154,"minecraft:interact_with_furnace":2,"minecraft:sprint_one_cm":30431,"minecraft:damage_taken":490,"minecraft:walk_one_cm":57089,"minecraft:mob_kills":12,"minecraft:drop":3,"minecraft:damage_dealt":1160,"minecraft:interact_with_crafting_table":7,"minecraft:fly_one_cm":15257,"minecraft:crouch_one_cm":89,"minecraft:play_time":17516,"minecraft:deaths":1,"minecraft:sneak_time":84,"minecraft:jump":208,"minecraft:time_since_death":14996,"minecraft:interact_with_smoker":5,"minecraft:total_world_time":17516,"minecraft:fall_one_cm":2754},"minecraft:used":{"minecraft:cooked_mutton":3,"minecraft:wooden_axe":30,"minecraft:stone_pickaxe":55,"minecraft:oak_planks":10,"minecraft:wooden_pickaxe":59,"minecraft:dirt":1,"minecraft:crafting_table":2,"minecraft:furnace":1,"minecraft:smoker":1},"minecraft:dropped":{"minecraft:wheat_seeds":3},"minecraft:picked_up":{"minecraft:birch_log":6,"minecraft:crafting_table":1,"minecraft:dandelion":1,"minecraft:porkchop":28,"minecraft:oak_log":9,"minecraft:dirt":6,"minecraft:rotten_flesh":1,"minecraft:wheat_seeds":4,"minecraft:coal":19,"minecraft:mutton":4,"minecraft:oak_planks":11,"minecraft:furnace":1,"minecraft:white_wool":2,"minecraft:cobblestone":92,"minecraft:egg":1},"minecraft:crafted":{"minecraft:oak_planks":36,"minecraft:cooked_porkchop":12,"minecraft:crafting_table":1,"minecraft:stick":24,"minecraft:wooden_pickaxe":1,"minecraft:stone_pickaxe":1,"minecraft:wooden_axe":1,"minecraft:furnace":1,"minecraft:torch":4,"minecraft:birch_planks":8,"minecraft:stone_axe":1,"minecraft:air":0,"minecraft:cooked_mutton":4,"minecraft:smoker":1},"minecraft:killed_by":{"minecraft:pillager":1},"minecraft:killed":{"minecraft:sheep":2,"minecraft:pig":10}},"DataVersion":3953}