{"stats":{"minecraft:mined":{"minecraft:white_bed":2,"minecraft:smoker":1,"minecraft:dandelion":1,"minecraft:crafting_table":3,"minecraft:granite":5,"minecraft:short_grass":26,"minecraft:grass_block":3,"minecraft:melon":20,"minecraft:tall_grass":7,"minecraft:cobblestone":6,"minecraft:lapis_ore":1,"minecraft:sugar_cane":9,"minecraft:oak_planks":3,"minecraft:diorite":4,"minecraft:wall_torch":1,"minecraft:furnace":5,"minecraft:birch_log":6,"minecraft:iron_ore":64,"minecraft:deepslate_lapis_ore":1,"minecraft:oak_log":11,"minecraft:coal_ore":79,"minecraft:deepslate_iron_ore":1,"minecraft:dirt":6,"minecraft:stone":216,"minecraft:oak_leaves":3,"minecraft:fern":4,"minecraft:white_wool":1,"minecraft:deepslate":4},"minecraft:custom":{"minecraft:interact_with_furnace":24,"minecraft:mob_kills":38,"minecraft:interact_with_crafting_table":17,"minecraft:leave_game":1,"minecraft:time_since_death":65531,"minecraft:sleep_in_bed":2,"minecraft:climb_one_cm":1235,"minecraft:time_since_rest":12434,"minecraft:sprint_one_cm":283172,"minecraft:damage_taken":722,"minecraft:walk_one_cm":219425,"minecraft:drop":4,"minecraft:damage_dealt":3688,"minecraft:swim_one_cm":1373,"minecraft:fly_one_cm":192996,"minecraft:crouch_one_cm":3915,"minecraft:play_time":68051,"minecraft:deaths":1,"minecraft:sneak_time":1379,"minecraft:walk_under_water_one_cm":2183,"minecraft:jump":1559,"minecraft:walk_on_water_one_cm":14214,"minecraft:total_world_time":68051,"minecraft:interact_with_smoker":5,"minecraft:fall_one_cm":26069},"minecraft:broken":{"minecraft:stone_pickaxe":2,"minecraft:wooden_pickaxe":1},"minecraft:used":{"minecraft:cooked_mutton":4,"minecraft:stone_pickaxe":262,"minecraft:oak_planks":11,"minecraft:wooden_pickaxe":59,"minecraft:torch":3,"minecraft:dirt":4,"minecraft:crafting_table":4,"minecraft:white_bed":3,"minecraft:smoker":1,"minecraft:wooden_axe":30,"minecraft:iron_pickaxe":67,"minecraft:stone_axe":104,"minecraft:cobblestone":109,"minecraft:furnace":5,"minecraft:cooked_porkchop":7,"minecraft:cobbled_deepslate":4},"minecraft:dropped":{"minecraft:wheat_seeds":3,"minecraft:wooden_axe":1},"minecraft:picked_up":{"minecraft:birch_log":6,"minecraft:crafting_table":3,"minecraft:chicken":1,"minecraft:leather":6,"minecraft:smoker":1,"minecraft:oak_log":26,"minecraft:lapis_lazuli":13,"minecraft:dirt":9,"minecraft:wheat_seeds":6,"minecraft:cobbled_deepslate":4,"minecraft:beef":5,"minecraft:sugar_cane":9,"minecraft:melon_slice":103,"minecraft:oak_planks":14,"minecraft:egg":1,"minecraft:furnace":5,"minecraft:raw_iron":65,"minecraft:cooked_porkchop":2,"minecraft:torch":1,"minecraft:dandelion":1,"minecraft:porkchop":62,"minecraft:diorite":4,"minecraft:white_bed":2,"minecraft:rotten_flesh":2,"minecraft:granite":5,"minecraft:mutton":11,"minecraft:coal":146,"minecraft:cobblestone":222,"minecraft:white_wool":7},"minecraft:crafted":{"minecraft:oak_planks":104,"minecraft:cooked_porkchop":12,"minecraft:crafting_table":1,"minecraft:wooden_pickaxe":1,"minecraft:iron_helmet":1,"minecraft:furnace":5,"minecraft:birch_planks":8,"minecraft:stone_axe":1,"minecraft:cooked_mutton":4,"minecraft:air":0,"minecraft:iron_boots":2,"minecraft:iron_chestplate":1,"minecraft:shield":1,"minecraft:stick":24,"minecraft:iron_ingot":63,"minecraft:iron_pickaxe":1,"minecraft:stone_pickaxe":2,"minecraft:wooden_axe":1,"minecraft:iron_leggings":1,"minecraft:white_bed":1,"minecraft:torch":4,"minecraft:smoker":1},"minecraft:killed_by":{"minecraft:pillager":1},"minecraft:killed":{"minecraft:pig":26,"minecraft:sheep":6,"minecraft:zombie":2,"minecraft:cow":4}},"DataVersion":3953}