{"stats":{"minecraft:custom":{"minecraft:time_since_rest":37166,"minecraft:open_chest":13,"minecraft:crouch_one_cm":1,"minecraft:play_time":37166,"minecraft:interact_with_furnace":11,"minecraft:sprint_one_cm":75575,"minecraft:damage_taken":438,"minecraft:walk_one_cm":73653,"minecraft:sneak_time":28,"minecraft:mob_kills":3,"minecraft:drop":4,"minecraft:jump":522,"minecraft:damage_dealt":529,"minecraft:walk_on_water_one_cm":302,"minecraft:time_since_death":37166,"minecraft:total_world_time":37166,"minecraft:interact_with_crafting_table":1,"minecraft:talked_to_villager":2,"minecraft:fall_one_cm":15594,"minecraft:fly_one_cm":116978},"minecraft:used":{"minecraft:torch":2,"minecraft:cooked_porkchop":1,"minecraft:iron_sword":57,"minecraft:cooked_beef":4},"minecraft:crafted":{"minecraft:oak_planks":36,"minecraft:iron_ingot":10},"minecraft:picked_up":{"minecraft:stick":2,"minecraft:rotten_flesh":3,"minecraft:torch":2,"minecraft:wheat_seeds":7,"minecraft:potato":83,"minecraft:oak_log":9,"minecraft:carrot":42,"minecraft:string":1},"minecraft:dropped":{"minecraft:rotten_flesh":2,"minecraft:iron_ingot":7,"minecraft:wheat_seeds":2},"minecraft:mined":{"minecraft:grass":61,"minecraft:oak_log":9,"minecraft:carrots":11,"minecraft:tall_grass":3,"minecraft:oak_leaves":3,"minecraft:potatoes":20,"minecraft:torch":2},"minecraft:killed":{"minecraft:zombie":1,"minecraft:spider":2}},"DataVersion":3105}