{"stats":{"minecraft:custom":{"minecraft:interact_with_furnace":33,"minecraft:interact_with_anvil":1,"minecraft:mob_kills":11,"minecraft:interact_with_crafting_table":8,"minecraft:leave_game":1,"minecraft:time_since_death":12626,"minecraft:sleep_in_bed":2,"minecraft:climb_one_cm":262,"minecraft:time_since_rest":12858,"minecraft:sprint_one_cm":218718,"minecraft:damage_taken":2250,"minecraft:walk_one_cm":159054,"minecraft:damage_blocked_by_shield":50,"minecraft:drop":41,"minecraft:damage_dealt":1833,"minecraft:talked_to_villager":3,"minecraft:swim_one_cm":21010,"minecraft:fly_one_cm":286691,"minecraft:open_chest":31,"minecraft:crouch_one_cm":445,"minecraft:play_time":78600,"minecraft:deaths":1,"minecraft:sneak_time":326,"minecraft:walk_under_water_one_cm":3245,"minecraft:jump":1416,"minecraft:walk_on_water_one_cm":8683,"minecraft:interact_with_smoker":2,"minecraft:total_world_time":78600,"minecraft:fall_one_cm":46616,"minecraft:horse_one_cm":7200},"minecraft:used":{"minecraft:golden_boots":1,"minecraft:baked_potato":24,"minecraft:oak_planks":10,"minecraft:shield":1,"minecraft:iron_sword":88,"minecraft:torch":2,"minecraft:mossy_cobblestone":2,"minecraft:dirt":4,"minecraft:carrot":2,"minecraft:granite":5,"minecraft:iron_axe":10,"minecraft:iron_pickaxe":108,"minecraft:cobblestone":45,"minecraft:cooked_porkchop":1,"minecraft:cooked_beef":6,"minecraft:potato":1,"dixtas_armory:iron_battle_axe":20,"minecraft:iron_leggings":1},"minecraft:crafted":{"minecraft:oak_planks":36,"minecraft:baked_potato":66,"minecraft:air":0,"minecraft:iron_boots":1,"minecraft:shield":1,"minecraft:iron_axe":1,"minecraft:stick":4,"minecraft:iron_ingot":66,"minecraft:iron_pickaxe":1},"minecraft:picked_up":{"minecraft:charcoal":24,"minecraft:magma_block":1,"minecraft:iron_chestplate":1,"minecraft:cooked_beef":5,"minecraft:leather":14,"minecraft:potato":84,"minecraft:gold_block":1,"minecraft:oak_log":9,"dixtas_armory:iron_battle_axe":2,"minecraft:golden_boots":2,"minecraft:shield":1,"minecraft:gunpowder":5,"minecraft:dirt":4,"minecraft:string":13,"minecraft:iron_axe":1,"minecraft:iron_leggings":1,"minecraft:iron_shovel":1,"minecraft:bone":4,"minecraft:bow":1,"minecraft:wheat_seeds":17,"minecraft:iron_ingot":18,"minecraft:beef":22,"minecraft:iron_pickaxe":1,"minecraft:birch_sapling":1,"minecraft:iron_sword":1,"minecraft:oak_planks":24,"minecraft:stick":2,"minecraft:oak_fence":2,"minecraft:torch":2,"minecraft:white_bed":1,"minecraft:carrot":86,"minecraft:iron_horse_armor":1,"minecraft:mossy_cobblestone":2,"minecraft:arrow":2,"minecraft:rotten_flesh":5,"minecraft:iron_helmet":1,"minecraft:granite":5,"minecraft:bread":1,"minecraft:saddle":2,"minecraft:baked_potato":45,"minecraft:netherrack":36,"minecraft:cobblestone":55},"minecraft:killed_by":{"minecraft:skeleton":1},"minecraft:dropped":{"minecraft:iron_ingot":37,"minecraft:wheat_seeds":5,"minecraft:birch_sapling":1,"minecraft:oak_fence":2,"minecraft:rotten_flesh":4},"minecraft:mined":{"minecraft:mossy_cobblestone":2,"minecraft:lily_of_the_valley":1,"minecraft:oak_fence":2,"minecraft:torch":2,"minecraft:granite":5,"minecraft:grass_block":1,"minecraft:cobblestone":4,"minecraft:tall_grass":6,"minecraft:seagrass":4,"minecraft:tall_seagrass":10,"minecraft:magma_block":1,"minecraft:carrots":12,"minecraft:birch_leaves":10,"minecraft:gold_block":1,"minecraft:grass":177,"minecraft:potatoes":21,"minecraft:oak_log":9,"minecraft:dirt":3,"minecraft:netherrack":45,"minecraft:stone":48,"minecraft:oak_leaves":3},"minecraft:killed":{"minecraft:spider":2,"minecraft:skeleton":1,"minecraft:zombie":2,"minecraft:cow":6}},"DataVersion":3105}