{"stats":{"minecraft:custom":{"minecraft:time_since_rest":49166,"minecraft:interact_with_furnace":30,"minecraft:sprint_one_cm":89917,"minecraft:damage_taken":792,"minecraft:walk_one_cm":92459,"minecraft:interact_with_anvil":1,"minecraft:mob_kills":3,"minecraft:drop":34,"minecraft:damage_dealt":798,"minecraft:talked_to_villager":2,"minecraft:interact_with_crafting_table":8,"minecraft:fly_one_cm":135768,"minecraft:open_chest":27,"minecraft:crouch_one_cm":1,"minecraft:play_time":49166,"minecraft:sneak_time":28,"minecraft:jump":607,"minecraft:time_since_death":49166,"minecraft:walk_on_water_one_cm":302,"minecraft:total_world_time":49166,"minecraft:interact_with_smoker":1,"minecraft:fall_one_cm":19039},"minecraft:used":{"minecraft:iron_axe":2,"minecraft:baked_potato":5,"minecraft:iron_sword":57,"minecraft:torch":2,"minecraft:cooked_porkchop":1,"minecraft:cooked_beef":4,"dixtas_armory:iron_battle_axe":1},"minecraft:crafted":{"minecraft:oak_planks":36,"minecraft:shield":1,"minecraft:iron_axe":1,"minecraft:stick":4,"minecraft:baked_potato":50,"minecraft:iron_ingot":63,"minecraft:iron_pickaxe":1,"minecraft:air":0},"minecraft:picked_up":{"minecraft:stick":2,"minecraft:torch":2,"minecraft:potato":83,"minecraft:oak_log":9,"dixtas_armory:iron_battle_axe":1,"minecraft:carrot":42,"minecraft:string":1,"minecraft:rotten_flesh":3,"minecraft:wheat_seeds":7},"minecraft:dropped":{"minecraft:iron_ingot":37,"minecraft:wheat_seeds":2,"minecraft:rotten_flesh":2},"minecraft:mined":{"minecraft:carrots":11,"minecraft:torch":2,"minecraft:grass":62,"minecraft:potatoes":20,"minecraft:oak_log":9,"minecraft:tall_grass":3,"minecraft:oak_leaves":3},"minecraft:killed":{"minecraft:zombie":1,"minecraft:spider":2}},"DataVersion":3105}