{"stats":{"minecraft:custom":{"minecraft:time_since_rest":858,"minecraft:interact_with_furnace":33,"minecraft:sprint_one_cm":160526,"minecraft:damage_taken":1837,"minecraft:walk_one_cm":136409,"minecraft:damage_blocked_by_shield":50,"minecraft:mob_kills":10,"minecraft:interact_with_anvil":1,"minecraft:drop":37,"minecraft:damage_dealt":1663,"minecraft:interact_with_crafting_table":8,"minecraft:fly_one_cm":224231,"minecraft:talked_to_villager":3,"minecraft:open_chest":31,"minecraft:deaths":1,"minecraft:crouch_one_cm":444,"minecraft:play_time":66600,"minecraft:sneak_time":297,"minecraft:jump":1055,"minecraft:leave_game":1,"minecraft:time_since_death":626,"minecraft:walk_on_water_one_cm":302,"minecraft:sleep_in_bed":2,"minecraft:total_world_time":66600,"minecraft:interact_with_smoker":2,"minecraft:fall_one_cm":36218,"minecraft:horse_one_cm":7200},"minecraft:used":{"minecraft:iron_axe":6,"minecraft:oak_planks":4,"minecraft:baked_potato":21,"minecraft:iron_pickaxe":52,"minecraft:shield":1,"minecraft:iron_sword":84,"minecraft:torch":2,"minecraft:mossy_cobblestone":2,"minecraft:cobblestone":38,"minecraft:cooked_porkchop":1,"minecraft:cooked_beef":4,"minecraft:granite":5,"dixtas_armory:iron_battle_axe":20},"minecraft:crafted":{"minecraft:oak_planks":36,"minecraft:iron_boots":1,"minecraft:shield":1,"minecraft:iron_axe":1,"minecraft:stick":4,"minecraft:iron_ingot":66,"minecraft:baked_potato":66,"minecraft:iron_pickaxe":1,"minecraft:air":0},"minecraft:picked_up":{"minecraft:stick":2,"minecraft:leather":7,"minecraft:oak_fence":2,"minecraft:torch":2,"minecraft:potato":84,"minecraft:oak_log":9,"dixtas_armory:iron_battle_axe":1,"minecraft:golden_boots":1,"minecraft:carrot":44,"minecraft:mossy_cobblestone":2,"minecraft:string":1,"minecraft:bone":2,"minecraft:arrow":1,"minecraft:rotten_flesh":3,"minecraft:wheat_seeds":10,"minecraft:beef":11,"minecraft:granite":5,"minecraft:cobblestone":43},"minecraft:killed_by":{"minecraft:skeleton":1},"minecraft:dropped":{"minecraft:iron_ingot":37,"minecraft:wheat_seeds":4,"minecraft:oak_fence":2,"minecraft:rotten_flesh":2},"minecraft:mined":{"minecraft:carrots":12,"minecraft:mossy_cobblestone":2,"minecraft:oak_fence":2,"minecraft:torch":2,"minecraft:granite":5,"minecraft:grass":108,"minecraft:potatoes":21,"minecraft:oak_log":9,"minecraft:tall_grass":6,"minecraft:cobblestone":4,"minecraft:stone":40,"minecraft:oak_leaves":3},"minecraft:killed":{"minecraft:skeleton":1,"minecraft:zombie":1,"minecraft:spider":2,"minecraft:cow":6}},"DataVersion":3105}