{"stats":{"minecraft:custom":{"minecraft:time_since_rest":13166,"minecraft:open_chest":11,"minecraft:crouch_one_cm":1,"minecraft:play_time":13166,"minecraft:interact_with_furnace":6,"minecraft:sprint_one_cm":16087,"minecraft:damage_taken":111,"minecraft:walk_one_cm":30700,"minecraft:sneak_time":23,"minecraft:drop":4,"minecraft:jump":136,"minecraft:damage_dealt":8,"minecraft:time_since_death":13166,"minecraft:total_world_time":13166,"minecraft:fall_one_cm":5566,"minecraft:fly_one_cm":23491},"minecraft:used":{"minecraft:cooked_porkchop":1},"minecraft:crafted":{"minecraft:iron_ingot":7},"minecraft:picked_up":{"minecraft:rotten_flesh":2,"minecraft:wheat_seeds":3,"minecraft:oak_log":2},"minecraft:dropped":{"minecraft:rotten_flesh":2,"minecraft:iron_ingot":7,"minecraft:wheat_seeds":2},"minecraft:mined":{"minecraft:grass":29,"minecraft:oak_log":2,"minecraft:tall_grass":3}},"DataVersion":3105}