{"stats":{"minecraft:killed_by":{"minecraft:player":4,"minecraft:creeper":1,"minecraft:skeleton":2,"minecraft:zombie":10},"minecraft:crafted":{"minecraft:oak_planks":1656,"dixtas_armory:stone_longsword":1,"dixtas_armory:pole":1,"dixtas_armory:wooden_shortsword":1,"minecraft:furnace":1,"minecraft:bone_meal":42,"dixtas_armory:iron_battle_axe":1,"minecraft:cooked_mutton":17,"dixtas_armory:stone_shortsword":1,"minecraft:iron_boots":2,"dixtas_armory:wooden_dagger":1,"minecraft:stone_pickaxe":3,"minecraft:chest":10,"dixtas_armory:wooden_katana":1,"minecraft:cooked_beef":35,"minecraft:wooden_shovel":1,"minecraft:arrow":128,"minecraft:emerald":129,"dixtas_armory:iron_shortsword":1,"minecraft:cooked_porkchop":18,"minecraft:crafting_table":1,"minecraft:spruce_planks":808,"minecraft:iron_helmet":2,"minecraft:wooden_pickaxe":1,"minecraft:iron_sword":1,"dixtas_armory:stone_greatsword":1,"dixtas_armory:stone_katana":1,"minecraft:fletching_table":1,"minecraft:hay_block":8,"minecraft:birch_planks":124,"minecraft:stone_axe":17,"minecraft:enchanted_book":2,"minecraft:air":0,"dixtas_armory:stone_dagger":1,"minecraft:paper":27,"minecraft:charcoal":159,"minecraft:stick":4260,"minecraft:iron_ingot":82,"minecraft:iron_pickaxe":1,"minecraft:wooden_axe":2,"minecraft:iron_block":3,"minecraft:iron_shovel":1,"minecraft:iron_leggings":2,"minecraft:anvil":1,"minecraft:white_bed":6,"minecraft:torch":224,"dixtas_armory:wooden_longsword":1,"minecraft:shears":1,"dixtas_armory:iron_katana":1},"minecraft:mined":{"minecraft:tuff":1,"minecraft:spruce_planks":2,"minecraft:white_bed":3,"minecraft:mossy_cobblestone":5,"minecraft:dark_oak_leaves":3,"minecraft:cobblestone_stairs":6,"minecraft:granite":1,"minecraft:grass_block":20,"minecraft:coal_block":3,"minecraft:spruce_leaves":6,"minecraft:spawner":42,"minecraft:sandstone":2,"minecraft:smooth_stone":2,"minecraft:black_stained_glass_pane":2,"minecraft:furnace":3,"minecraft:carrots":40,"minecraft:iron_ore":115,"minecraft:andesite":1,"minecraft:fletching_table":3,"minecraft:bookshelf":14,"minecraft:potatoes":24,"minecraft:dirt_path":15,"minecraft:deepslate_iron_ore":32,"minecraft:vine":1,"minecraft:iron_bars":6,"minecraft:stone":185,"minecraft:smithing_table":1,"minecraft:smoker":1,"minecraft:crafting_table":4,"minecraft:blast_furnace":3,"minecraft:chest":2,"minecraft:rose_bush":7,"minecraft:lectern":6,"minecraft:stone_slab":4,"minecraft:tall_grass":5,"minecraft:cobblestone":8,"minecraft:oak_planks":8,"minecraft:sugar_cane":20,"minecraft:deepslate_gold_ore":7,"minecraft:lapis_ore":1,"minecraft:grindstone":5,"minecraft:diorite":16,"minecraft:iron_door":1,"minecraft:wall_torch":36,"minecraft:stone_stairs":1,"minecraft:wheat":83,"minecraft:sweet_berry_bush":7,"minecraft:lilac":1,"minecraft:spruce_log":2,"minecraft:birch_leaves":1,"minecraft:stone_brick_stairs":1,"minecraft:grass":38,"minecraft:coal_ore":122,"minecraft:oak_log":3,"minecraft:beetroots":9,"minecraft:gravel":3,"minecraft:sand":73,"minecraft:dirt":36,"minecraft:cobweb":1,"minecraft:cracked_stone_bricks":7,"minecraft:stone_bricks":60,"minecraft:polished_andesite":37,"minecraft:mossy_stone_bricks":11,"minecraft:deepslate":8,"minecraft:oak_leaves":29,"minecraft:fern":1,"minecraft:infested_stone":2},"minecraft:broken":{"minecraft:iron_boots":1,"minecraft:iron_leggings":1,"dixtas_armory:iron_katana":1,"minecraft:wooden_pickaxe":1,"minecraft:stone_pickaxe":3,"minecraft:shield":1,"dixtas_armory:stone_katana":1,"minecraft:stone_axe":11,"minecraft:iron_helmet":1,"minecraft:wooden_axe":2,"dixtas_armory:wooden_dagger":1},"minecraft:killed":{"minecraft:spider":23,"minecraft:skeleton":30,"minecraft:pig":13,"minecraft:salmon":1,"minecraft:creeper":5,"minecraft:sheep":15,"minecraft:zombie":61,"minecraft:enderman":1,"minecraft:cow":24},"minecraft:used":{"minecraft:beetroot":9,"minecraft:iron_shovel":64,"minecraft:chest":12,"minecraft:spruce_planks":2,"minecraft:shield":126,"minecraft:iron_sword":136,"minecraft:zombie_spawn_egg":1,"minecraft:wooden_shovel":57,"dixtas_armory:stone_shortsword":7,"minecraft:torch":197,"dixtas_armory:stone_longsword":83,"minecraft:dirt":20,"minecraft:anvil":1,"minecraft:carrot":55,"minecraft:granite":1,"minecraft:wooden_axe":3,"minecraft:iron_axe":15,"minecraft:stone_bricks":6,"minecraft:golden_sword":5,"minecraft:bow":40,"minecraft:beef":6,"minecraft:sweet_berries":15,"minecraft:cooked_cod":8,"minecraft:oak_sapling":4,"minecraft:furnace":5,"minecraft:beetroot_seeds":24,"minecraft:egg":3,"minecraft:potato":67,"minecraft:cooked_beef":36,"dixtas_armory:stone_katana":134,"minecraft:cobbled_deepslate":3,"minecraft:cooked_mutton":8,"minecraft:wheat_seeds":204,"dixtas_armory:wooden_dagger":50,"minecraft:mossy_stone_bricks":3,"minecraft:diorite":1,"minecraft:cobblestone_stairs":1,"minecraft:oak_planks":92,"minecraft:stone_pickaxe":392,"minecraft:polished_andesite":9,"minecraft:wooden_pickaxe":59,"minecraft:sandstone":2,"minecraft:sugar_cane":24,"minecraft:fletching_table":4,"minecraft:cracked_stone_bricks":2,"minecraft:salmon":1,"minecraft:sand":4,"minecraft:mossy_cobblestone":3,"minecraft:white_bed":4,"minecraft:blast_furnace":3,"minecraft:crafting_table":6,"minecraft:smoker":2,"minecraft:oak_log":4,"dixtas_armory:iron_katana":259,"minecraft:diamond_pickaxe":13,"minecraft:apple":44,"minecraft:iron_pickaxe":246,"minecraft:bread":2,"minecraft:brown_wool":1,"minecraft:lectern":6,"minecraft:gravel":3,"minecraft:stone_slab":1,"minecraft:spruce_sapling":33,"minecraft:stone_axe":52,"minecraft:cobblestone":54,"minecraft:grindstone":5,"minecraft:cooked_porkchop":18,"minecraft:andesite":1,"dixtas_armory:iron_battle_axe":40,"minecraft:bone_meal":51},"minecraft:picked_up":{"minecraft:charcoal":15,"minecraft:iron_chestplate":2,"minecraft:crafting_table":5,"minecraft:wheat":79,"minecraft:leather_leggings":1,"minecraft:smithing_table":1,"minecraft:stone_slab":3,"minecraft:shield":2,"minecraft:string":21,"minecraft:stone_stairs":1,"minecraft:iron_axe":1,"minecraft:iron_leggings":3,"minecraft:item_frame":2,"minecraft:beetroot":9,"minecraft:cracked_stone_bricks":2,"minecraft:smooth_stone":1,"minecraft:cobbled_deepslate":12,"minecraft:spruce_planks":2,"minecraft:beef":51,"minecraft:iron_nugget":7,"minecraft:wooden_shovel":3,"minecraft:iron_pickaxe":1,"minecraft:sugar_cane":45,"minecraft:lectern":6,"minecraft:egg":3,"minecraft:coal_block":3,"minecraft:chest":2,"minecraft:birch_sapling":53,"minecraft:iron_boots":2,"minecraft:furnace":4,"minecraft:raw_iron":267,"minecraft:stick":561,"minecraft:sandstone":2,"minecraft:torch":43,"minecraft:porkchop":23,"minecraft:diorite":23,"minecraft:carrot":147,"minecraft:arrow":49,"minecraft:rotten_flesh":67,"minecraft:cooked_cod":1,"minecraft:beetroot_seeds":24,"minecraft:diamond_boots":2,"dixtas_armory:stone_dagger":1,"minecraft:mutton":29,"minecraft:iron_bars":5,"minecraft:white_wool":64,"minecraft:cobblestone":247,"dixtas_armory:stone_longsword":1,"minecraft:birch_log":226,"minecraft:leather_chestplate":1,"minecraft:lilac":1,"minecraft:clock":1,"minecraft:cooked_beef":24,"minecraft:andesite":1,"minecraft:salmon":1,"minecraft:leather":90,"minecraft:brown_wool":2,"minecraft:smoker":2,"minecraft:potato":87,"minecraft:tuff":1,"minecraft:oak_log":1089,"minecraft:chainmail_chestplate":1,"minecraft:gunpowder":5,"minecraft:cobblestone_stairs":1,"minecraft:lapis_lazuli":12,"minecraft:stripped_birch_log":1,"minecraft:dirt":61,"minecraft:name_tag":1,"minecraft:bone":36,"minecraft:apple":44,"minecraft:stone_bricks":6,"minecraft:wheat_seeds":215,"minecraft:raw_gold":7,"dixtas_armory:stone_katana":1,"minecraft:grindstone":5,"minecraft:iron_ingot":10,"minecraft:mossy_stone_bricks":3,"minecraft:fletching_table":3,"minecraft:oak_planks":8,"minecraft:iron_sword":2,"minecraft:book":21,"minecraft:cooked_porkchop":10,"minecraft:sweet_berries":24,"minecraft:gravel":3,"minecraft:sand":73,"minecraft:spruce_sapling":33,"minecraft:blast_furnace":3,"minecraft:spruce_log":436,"minecraft:white_bed":4,"minecraft:grass_block":1,"minecraft:spider_eye":6,"minecraft:mossy_cobblestone":3,"minecraft:leather_helmet":1,"minecraft:polished_andesite":9,"minecraft:stone_axe":2,"minecraft:spruce_boat":2,"minecraft:iron_helmet":2,"minecraft:granite":2,"minecraft:bone_meal":9,"minecraft:golden_apple":1,"minecraft:gray_wool":3,"minecraft:oak_sapling":361,"minecraft:light_gray_carpet":1,"minecraft:coal":220},"minecraft:custom":{"minecraft:interact_with_anvil":3,"minecraft:mob_kills":193,"minecraft:interact_with_crafting_table":47,"minecraft:open_barrel":9,"minecraft:leave_game":3,"minecraft:time_since_death":81699,"minecraft:climb_one_cm":15519,"minecraft:sprint_one_cm":1061138,"minecraft:walk_one_cm":941170,"minecraft:damage_blocked_by_shield":2987,"minecraft:drop":61,"minecraft:talked_to_villager":70,"minecraft:play_time":365059,"minecraft:sneak_time":20197,"minecraft:deaths":18,"minecraft:walk_under_water_one_cm":36784,"minecraft:boat_one_cm":67205,"minecraft:jump":4976,"minecraft:interact_with_blast_furnace":1,"minecraft:walk_on_water_one_cm":33432,"minecraft:total_world_time":365059,"minecraft:interact_with_furnace":78,"minecraft:traded_with_villager":140,"minecraft:sleep_in_bed":11,"minecraft:time_since_rest":5282,"minecraft:damage_taken":11313,"minecraft:trigger_trapped_chest":5,"minecraft:damage_dealt":30857,"minecraft:player_kills":10,"minecraft:swim_one_cm":73711,"minecraft:fly_one_cm":829543,"minecraft:open_chest":145,"minecraft:crouch_one_cm":37190,"minecraft:fall_one_cm":102732,"minecraft:interact_with_smoker":12},"minecraft:dropped":{"minecraft:bread":1,"minecraft:iron_sword":1,"minecraft:wheat_seeds":11,"minecraft:cooked_beef":1,"minecraft:lilac":1,"minecraft:cooked_porkchop":9,"minecraft:iron_helmet":1,"minecraft:cobblestone":9,"minecraft:apple":1,"dixtas_armory:stone_dagger":2,"minecraft:flint":1,"minecraft:item_frame":2,"minecraft:stick":131,"minecraft:dirt":1,"minecraft:torch":64,"minecraft:iron_leggings":1,"minecraft:stripped_birch_log":1,"minecraft:iron_axe":1,"minecraft:iron_pickaxe":1,"minecraft:white_wool":12,"minecraft:bone":21,"minecraft:stone_axe":2,"minecraft:cobbled_deepslate":7,"dixtas_armory:stone_shortsword":1,"minecraft:wheat":1,"dixtas_armory:stone_katana":1,"minecraft:rotten_flesh":116,"minecraft:oak_planks":13,"minecraft:iron_boots":1,"minecraft:light_gray_carpet":1,"dixtas_armory:stone_greatsword":1,"minecraft:wooden_shovel":2,"minecraft:spider_eye":3,"minecraft:spruce_log":78,"minecraft:arrow":12}},"DataVersion":3105}