{"stats":{"minecraft:broken":{"minecraft:iron_boots":1,"minecraft:iron_leggings":1,"minecraft:wooden_pickaxe":1,"minecraft:stone_pickaxe":3,"dixtas_armory:stone_katana":1,"minecraft:stone_axe":6,"minecraft:iron_helmet":1,"minecraft:wooden_axe":2,"dixtas_armory:wooden_dagger":1},"minecraft:crafted":{"minecraft:oak_planks":1084,"dixtas_armory:stone_longsword":1,"dixtas_armory:wooden_shortsword":1,"minecraft:furnace":1,"dixtas_armory:stone_shortsword":1,"minecraft:iron_boots":1,"dixtas_armory:wooden_dagger":1,"minecraft:stone_pickaxe":3,"minecraft:chest":10,"dixtas_armory:wooden_katana":1,"minecraft:cooked_beef":26,"minecraft:wooden_shovel":1,"minecraft:emerald":39,"minecraft:cooked_porkchop":18,"minecraft:crafting_table":1,"minecraft:wooden_pickaxe":1,"minecraft:iron_helmet":1,"dixtas_armory:stone_greatsword":1,"dixtas_armory:stone_katana":1,"minecraft:birch_planks":124,"minecraft:stone_axe":8,"minecraft:enchanted_book":1,"minecraft:air":0,"dixtas_armory:stone_dagger":1,"minecraft:charcoal":84,"minecraft:stick":1588,"minecraft:iron_ingot":18,"minecraft:iron_pickaxe":1,"minecraft:wooden_axe":2,"minecraft:iron_block":3,"minecraft:iron_shovel":1,"minecraft:iron_leggings":1,"minecraft:anvil":1,"minecraft:white_bed":1,"minecraft:torch":224,"dixtas_armory:wooden_longsword":1,"minecraft:shears":1,"dixtas_armory:iron_katana":1},"minecraft:mined":{"minecraft:tuff":1,"minecraft:spruce_planks":2,"minecraft:white_bed":3,"minecraft:mossy_cobblestone":5,"minecraft:dark_oak_leaves":3,"minecraft:cobblestone_stairs":6,"minecraft:granite":1,"minecraft:grass_block":19,"minecraft:coal_block":3,"minecraft:spruce_leaves":6,"minecraft:sandstone":2,"minecraft:spawner":42,"minecraft:smooth_stone":2,"minecraft:black_stained_glass_pane":2,"minecraft:furnace":3,"minecraft:iron_ore":115,"minecraft:andesite":1,"minecraft:fletching_table":2,"minecraft:vine":1,"minecraft:bookshelf":14,"minecraft:deepslate_iron_ore":32,"minecraft:dirt_path":1,"minecraft:iron_bars":6,"minecraft:stone":185,"minecraft:smithing_table":1,"minecraft:smoker":1,"minecraft:crafting_table":4,"minecraft:blast_furnace":2,"minecraft:chest":2,"minecraft:rose_bush":7,"minecraft:lectern":6,"minecraft:stone_slab":4,"minecraft:tall_grass":5,"minecraft:cobblestone":8,"minecraft:oak_planks":8,"minecraft:sugar_cane":3,"minecraft:deepslate_gold_ore":7,"minecraft:lapis_ore":1,"minecraft:grindstone":1,"minecraft:diorite":16,"minecraft:iron_door":1,"minecraft:wall_torch":35,"minecraft:stone_stairs":1,"minecraft:wheat":2,"minecraft:sweet_berry_bush":7,"minecraft:birch_leaves":1,"minecraft:stone_brick_stairs":1,"minecraft:grass":27,"minecraft:coal_ore":122,"minecraft:oak_log":3,"minecraft:gravel":3,"minecraft:sand":68,"minecraft:dirt":33,"minecraft:cobweb":1,"minecraft:cracked_stone_bricks":7,"minecraft:stone_bricks":60,"minecraft:polished_andesite":37,"minecraft:mossy_stone_bricks":11,"minecraft:deepslate":8,"minecraft:oak_leaves":24,"minecraft:fern":1,"minecraft:infested_stone":2},"minecraft:dropped":{"minecraft:bread":1,"minecraft:iron_sword":1,"minecraft:wheat_seeds":11,"minecraft:cooked_beef":1,"minecraft:cooked_porkchop":9,"minecraft:iron_helmet":1,"minecraft:cobblestone":9,"minecraft:apple":1,"dixtas_armory:stone_dagger":2,"minecraft:item_frame":2,"minecraft:stick":128,"minecraft:dirt":1,"minecraft:torch":64,"minecraft:iron_leggings":1,"minecraft:iron_axe":1,"minecraft:iron_pickaxe":1,"minecraft:white_wool":12,"minecraft:bone":21,"minecraft:stone_axe":2,"dixtas_armory:stone_shortsword":1,"minecraft:wheat":1,"dixtas_armory:stone_katana":1,"minecraft:rotten_flesh":116,"minecraft:iron_boots":1,"minecraft:light_gray_carpet":1,"dixtas_armory:stone_greatsword":1,"minecraft:wooden_shovel":2,"minecraft:spider_eye":1,"minecraft:spruce_log":78,"minecraft:arrow":9},"minecraft:custom":{"minecraft:interact_with_anvil":1,"minecraft:mob_kills":167,"minecraft:interact_with_crafting_table":28,"minecraft:open_barrel":9,"minecraft:leave_game":3,"minecraft:time_since_death":5142,"minecraft:climb_one_cm":15519,"minecraft:sprint_one_cm":849782,"minecraft:walk_one_cm":756964,"minecraft:damage_blocked_by_shield":2317,"minecraft:drop":53,"minecraft:talked_to_villager":42,"minecraft:play_time":288502,"minecraft:sneak_time":15245,"minecraft:deaths":18,"minecraft:walk_under_water_one_cm":31288,"minecraft:boat_one_cm":67205,"minecraft:jump":4162,"minecraft:interact_with_blast_furnace":1,"minecraft:walk_on_water_one_cm":27286,"minecraft:total_world_time":288502,"minecraft:interact_with_furnace":41,"minecraft:traded_with_villager":40,"minecraft:sleep_in_bed":7,"minecraft:time_since_rest":5171,"minecraft:damage_taken":10616,"minecraft:trigger_trapped_chest":5,"minecraft:damage_dealt":26054,"minecraft:player_kills":10,"minecraft:swim_one_cm":54342,"minecraft:fly_one_cm":659664,"minecraft:open_chest":82,"minecraft:crouch_one_cm":25619,"minecraft:fall_one_cm":87235,"minecraft:interact_with_smoker":11},"minecraft:used":{"minecraft:iron_shovel":64,"minecraft:chest":12,"minecraft:spruce_planks":2,"minecraft:shield":109,"minecraft:iron_sword":130,"minecraft:zombie_spawn_egg":1,"minecraft:wooden_shovel":57,"dixtas_armory:stone_shortsword":7,"minecraft:torch":197,"minecraft:dirt":5,"dixtas_armory:stone_longsword":83,"minecraft:anvil":1,"minecraft:granite":1,"minecraft:wooden_axe":3,"minecraft:iron_axe":15,"minecraft:stone_bricks":6,"minecraft:golden_sword":5,"minecraft:bow":40,"minecraft:beef":6,"minecraft:sweet_berries":15,"minecraft:cooked_cod":8,"minecraft:oak_sapling":1,"minecraft:furnace":5,"minecraft:egg":3,"minecraft:cooked_beef":31,"dixtas_armory:stone_katana":134,"minecraft:cobbled_deepslate":3,"dixtas_armory:wooden_dagger":50,"minecraft:mossy_stone_bricks":3,"minecraft:diorite":1,"minecraft:cobblestone_stairs":1,"minecraft:stone_pickaxe":392,"minecraft:polished_andesite":9,"minecraft:oak_planks":92,"minecraft:wooden_pickaxe":59,"minecraft:sandstone":2,"minecraft:sugar_cane":3,"minecraft:fletching_table":2,"minecraft:cracked_stone_bricks":2,"minecraft:salmon":1,"minecraft:sand":4,"minecraft:mossy_cobblestone":3,"minecraft:crafting_table":6,"minecraft:white_bed":3,"minecraft:blast_furnace":2,"minecraft:smoker":2,"minecraft:oak_log":4,"dixtas_armory:iron_katana":252,"minecraft:diamond_pickaxe":8,"minecraft:apple":44,"minecraft:iron_pickaxe":246,"minecraft:bread":2,"minecraft:brown_wool":1,"minecraft:lectern":6,"minecraft:stone_slab":1,"minecraft:gravel":3,"minecraft:stone_axe":32,"minecraft:cobblestone":54,"minecraft:grindstone":1,"minecraft:cooked_porkchop":18,"minecraft:andesite":1},"minecraft:picked_up":{"minecraft:iron_chestplate":2,"minecraft:charcoal":15,"minecraft:crafting_table":5,"minecraft:wheat":1,"minecraft:leather_leggings":1,"minecraft:smithing_table":1,"minecraft:stone_slab":3,"minecraft:shield":2,"minecraft:string":21,"minecraft:stone_stairs":1,"minecraft:iron_axe":1,"minecraft:iron_leggings":3,"minecraft:item_frame":2,"minecraft:cracked_stone_bricks":2,"minecraft:cobbled_deepslate":12,"minecraft:smooth_stone":1,"minecraft:spruce_planks":2,"minecraft:beef":51,"minecraft:iron_nugget":7,"minecraft:wooden_shovel":3,"minecraft:iron_pickaxe":1,"minecraft:lectern":6,"minecraft:coal_block":3,"minecraft:sugar_cane":6,"minecraft:chest":2,"minecraft:birch_sapling":28,"minecraft:furnace":4,"minecraft:iron_boots":2,"minecraft:egg":3,"minecraft:stick":372,"minecraft:raw_iron":267,"minecraft:sandstone":2,"minecraft:torch":42,"minecraft:porkchop":23,"minecraft:diorite":23,"minecraft:arrow":44,"minecraft:rotten_flesh":67,"minecraft:cooked_cod":1,"minecraft:diamond_boots":2,"dixtas_armory:stone_dagger":1,"minecraft:mutton":29,"minecraft:iron_bars":5,"minecraft:white_wool":17,"minecraft:cobblestone":247,"dixtas_armory:stone_longsword":1,"minecraft:birch_log":115,"minecraft:leather_chestplate":1,"minecraft:clock":1,"minecraft:cooked_beef":24,"minecraft:salmon":1,"minecraft:andesite":1,"minecraft:brown_wool":2,"minecraft:leather":90,"minecraft:smoker":2,"minecraft:tuff":1,"minecraft:oak_log":657,"minecraft:chainmail_chestplate":1,"minecraft:gunpowder":5,"minecraft:cobblestone_stairs":1,"minecraft:lapis_lazuli":12,"minecraft:dirt":46,"minecraft:name_tag":1,"minecraft:bone":32,"minecraft:apple":33,"minecraft:stone_bricks":6,"minecraft:wheat_seeds":11,"minecraft:raw_gold":7,"dixtas_armory:stone_katana":1,"minecraft:grindstone":1,"minecraft:iron_ingot":10,"minecraft:mossy_stone_bricks":3,"minecraft:fletching_table":2,"minecraft:iron_sword":2,"minecraft:oak_planks":8,"minecraft:book":21,"minecraft:cooked_porkchop":10,"minecraft:sweet_berries":24,"minecraft:gravel":3,"minecraft:sand":68,"minecraft:spruce_sapling":15,"minecraft:blast_furnace":2,"minecraft:spruce_log":241,"minecraft:white_bed":4,"minecraft:grass_block":1,"minecraft:mossy_cobblestone":3,"minecraft:spider_eye":6,"minecraft:leather_helmet":1,"minecraft:polished_andesite":9,"minecraft:spruce_boat":2,"minecraft:stone_axe":2,"minecraft:iron_helmet":2,"minecraft:granite":2,"minecraft:golden_apple":1,"minecraft:gray_wool":3,"minecraft:oak_sapling":181,"minecraft:light_gray_carpet":1,"minecraft:coal":220},"minecraft:killed":{"minecraft:spider":21,"minecraft:skeleton":27,"minecraft:pig":13,"minecraft:salmon":1,"minecraft:creeper":3,"minecraft:sheep":15,"minecraft:zombie":45,"minecraft:enderman":1,"minecraft:cow":24},"minecraft:killed_by":{"minecraft:player":4,"minecraft:creeper":1,"minecraft:skeleton":2,"minecraft:zombie":10}},"DataVersion":3105}