{"stats":{"minecraft:crafted":{"minecraft:oak_planks":40,"minecraft:cooked_porkchop":1,"minecraft:crafting_table":1,"minecraft:wooden_pickaxe":1,"minecraft:cooked_chicken":2,"minecraft:furnace":2,"minecraft:birch_planks":24,"minecraft:stone_axe":5,"minecraft:air":0,"minecraft:charcoal":66,"minecraft:stick":28,"minecraft:iron_ingot":2,"minecraft:stone_pickaxe":5,"minecraft:wooden_axe":1,"minecraft:chest":2,"minecraft:birch_door":3,"minecraft:torch":68},"minecraft:used":{"minecraft:birch_planks":1,"minecraft:stone_pickaxe":437,"minecraft:chest":2,"minecraft:wooden_pickaxe":59,"minecraft:cooked_chicken":2,"minecraft:rotten_flesh":7,"minecraft:torch":46,"minecraft:dirt":3,"minecraft:crafting_table":2,"minecraft:birch_door":1,"minecraft:oak_log":5,"minecraft:wooden_axe":57,"minecraft:stone_axe":495,"minecraft:cobblestone":24,"minecraft:furnace":2,"minecraft:cooked_porkchop":1},"minecraft:custom":{"minecraft:interact_with_furnace":17,"minecraft:mob_kills":16,"minecraft:interact_with_crafting_table":13,"minecraft:time_since_death":20433,"minecraft:time_since_rest":20458,"minecraft:sprint_one_cm":68244,"minecraft:damage_taken":999,"minecraft:walk_one_cm":140304,"minecraft:damage_dealt":2545,"minecraft:fly_one_cm":22195,"minecraft:open_chest":11,"minecraft:crouch_one_cm":4553,"minecraft:play_time":52563,"minecraft:deaths":2,"minecraft:sneak_time":3583,"minecraft:walk_under_water_one_cm":224,"minecraft:jump":452,"minecraft:walk_on_water_one_cm":157,"minecraft:total_world_time":52563,"minecraft:fall_one_cm":4709},"minecraft:broken":{"minecraft:stone_pickaxe":3,"minecraft:stone_axe":3,"minecraft:wooden_axe":1,"minecraft:wooden_pickaxe":1},"minecraft:killed_by":{"minecraft:zombie":2},"minecraft:killed":{"minecraft:pig":1,"minecraft:spider":1,"minecraft:creeper":1,"minecraft:zombie":11,"minecraft:chicken":2},"minecraft:picked_up":{"minecraft:birch_log":256,"minecraft:crafting_table":1,"minecraft:feather":2,"minecraft:chicken":2,"minecraft:andesite":34,"minecraft:oak_log":378,"minecraft:dirt":18,"minecraft:string":4,"minecraft:raw_copper":42,"minecraft:apple":2,"minecraft:wheat_seeds":2,"minecraft:birch_sapling":13,"minecraft:oak_planks":16,"minecraft:egg":1,"minecraft:stick":22,"minecraft:raw_iron":2,"minecraft:cooked_porkchop":1,"minecraft:torch":66,"minecraft:gravel":7,"minecraft:porkchop":1,"minecraft:spider_eye":2,"minecraft:rotten_flesh":14,"minecraft:stone_axe":1,"minecraft:oak_sapling":18,"minecraft:coal":100,"minecraft:cobblestone":400},"minecraft:mined":{"minecraft:crafting_table":1,"minecraft:short_grass":19,"minecraft:copper_ore":12,"minecraft:wall_torch":7,"minecraft:birch_log":207,"minecraft:iron_ore":3,"minecraft:birch_leaves":8,"minecraft:andesite":34,"minecraft:oak_log":272,"minecraft:coal_ore":100,"minecraft:gravel":7,"minecraft:dirt":4,"minecraft:stone":339,"minecraft:oak_leaves":31}},"DataVersion":3953}