{"stats":{"minecraft:mined":{"minecraft:cherry_log":19,"minecraft:crafting_table":1,"minecraft:torch":1,"minecraft:granite":3,"minecraft:short_grass":35,"minecraft:tall_grass":5,"minecraft:copper_ore":84,"minecraft:cobblestone":2,"minecraft:lapis_ore":3,"minecraft:diorite":3,"minecraft:wall_torch":8,"minecraft:pink_petals":20,"minecraft:birch_log":218,"minecraft:iron_ore":61,"minecraft:andesite":38,"minecraft:birch_leaves":8,"minecraft:deepslate_lapis_ore":1,"minecraft:oak_log":353,"minecraft:coal_ore":161,"minecraft:cherry_leaves":1,"minecraft:gravel":8,"minecraft:dirt":4,"minecraft:stone":366,"minecraft:gold_ore":6,"minecraft:oak_leaves":44},"minecraft:custom":{"minecraft:interact_with_furnace":50,"minecraft:mob_kills":23,"minecraft:interact_with_crafting_table":23,"minecraft:leave_game":3,"minecraft:time_since_death":52891,"minecraft:time_since_rest":52916,"minecraft:sprint_one_cm":118849,"minecraft:damage_taken":1278,"minecraft:walk_one_cm":236979,"minecraft:damage_blocked_by_shield":480,"minecraft:damage_dealt":4069,"minecraft:fly_one_cm":49068,"minecraft:open_chest":25,"minecraft:crouch_one_cm":6646,"minecraft:play_time":85021,"minecraft:deaths":2,"minecraft:sneak_time":4850,"minecraft:walk_under_water_one_cm":2639,"minecraft:jump":828,"minecraft:walk_on_water_one_cm":652,"minecraft:total_world_time":85021,"minecraft:fall_one_cm":11775},"minecraft:broken":{"minecraft:stone_pickaxe":5,"minecraft:stone_axe":5,"minecraft:wooden_axe":1,"minecraft:wooden_pickaxe":1},"minecraft:used":{"minecraft:birch_planks":1,"minecraft:stone_pickaxe":657,"minecraft:shield":8,"minecraft:chest":2,"minecraft:wooden_pickaxe":59,"minecraft:iron_sword":6,"minecraft:cooked_chicken":2,"minecraft:rotten_flesh":13,"minecraft:torch":103,"minecraft:dirt":3,"minecraft:crafting_table":2,"minecraft:birch_door":1,"minecraft:oak_log":5,"minecraft:wooden_axe":57,"minecraft:iron_pickaxe":20,"minecraft:stone_axe":632,"minecraft:cobblestone":36,"minecraft:furnace":4,"minecraft:cooked_porkchop":3},"minecraft:picked_up":{"minecraft:birch_log":267,"minecraft:pink_petals":56,"minecraft:crafting_table":1,"minecraft:feather":2,"minecraft:chicken":2,"minecraft:andesite":38,"minecraft:potato":1,"minecraft:oak_log":459,"minecraft:dirt":18,"minecraft:lapis_lazuli":28,"minecraft:string":4,"minecraft:raw_copper":302,"minecraft:bone":4,"minecraft:apple":2,"minecraft:bow":1,"minecraft:wheat_seeds":4,"minecraft:raw_gold":6,"minecraft:birch_sapling":15,"minecraft:oak_planks":16,"minecraft:egg":1,"minecraft:stick":26,"minecraft:raw_iron":60,"minecraft:cooked_porkchop":1,"minecraft:torch":68,"minecraft:gravel":8,"minecraft:porkchop":3,"minecraft:cherry_log":19,"minecraft:diorite":3,"minecraft:spider_eye":2,"minecraft:arrow":2,"minecraft:rotten_flesh":16,"minecraft:stone_axe":1,"minecraft:granite":3,"minecraft:oak_sapling":26,"minecraft:coal":161,"minecraft:cobblestone":429},"minecraft:crafted":{"minecraft:oak_planks":108,"minecraft:cooked_porkchop":3,"minecraft:crafting_table":1,"minecraft:wooden_pickaxe":1,"minecraft:cooked_chicken":2,"minecraft:iron_sword":1,"minecraft:furnace":4,"minecraft:copper_ingot":92,"minecraft:birch_planks":24,"minecraft:stone_axe":5,"minecraft:air":0,"minecraft:iron_chestplate":1,"minecraft:charcoal":96,"minecraft:shield":1,"minecraft:stick":60,"minecraft:iron_ingot":20,"minecraft:iron_pickaxe":1,"minecraft:stone_pickaxe":5,"minecraft:wooden_axe":1,"minecraft:chest":2,"minecraft:birch_door":3,"minecraft:torch":132},"minecraft:killed_by":{"minecraft:zombie":2},"minecraft:killed":{"minecraft:pig":2,"minecraft:spider":1,"minecraft:creeper":1,"minecraft:skeleton":2,"minecraft:zombie":15,"minecraft:chicken":2}},"DataVersion":3953}