{"stats":{"minecraft:crafted":{"minecraft:oak_planks":24,"minecraft:crafting_table":1,"minecraft:stick":28,"minecraft:wooden_pickaxe":1,"minecraft:stone_pickaxe":1,"minecraft:wooden_axe":1,"minecraft:furnace":2,"minecraft:birch_door":3,"minecraft:birch_planks":24,"minecraft:stone_axe":1},"minecraft:used":{"minecraft:birch_door":1,"minecraft:wooden_axe":57,"minecraft:stone_pickaxe":62,"minecraft:wooden_pickaxe":59,"minecraft:rotten_flesh":3,"minecraft:stone_axe":121,"minecraft:dirt":1,"minecraft:crafting_table":2,"minecraft:furnace":2},"minecraft:custom":{"minecraft:time_since_rest":16563,"minecraft:interact_with_furnace":1,"minecraft:sprint_one_cm":12553,"minecraft:damage_taken":150,"minecraft:walk_one_cm":42261,"minecraft:mob_kills":6,"minecraft:damage_dealt":670,"minecraft:interact_with_crafting_table":6,"minecraft:fly_one_cm":2128,"minecraft:crouch_one_cm":164,"minecraft:play_time":16563,"minecraft:sneak_time":34,"minecraft:jump":98,"minecraft:time_since_death":16563,"minecraft:total_world_time":16563,"minecraft:fall_one_cm":1047},"minecraft:broken":{"minecraft:wooden_axe":1,"minecraft:wooden_pickaxe":1},"minecraft:killed":{"minecraft:zombie":4,"minecraft:chicken":2},"minecraft:picked_up":{"minecraft:birch_log":70,"minecraft:stick":2,"minecraft:crafting_table":1,"minecraft:feather":2,"minecraft:chicken":2,"minecraft:oak_log":74,"minecraft:dirt":3,"minecraft:rotten_flesh":4,"minecraft:wheat_seeds":2,"minecraft:oak_sapling":2,"minecraft:coal":9,"minecraft:cobblestone":111},"minecraft:mined":{"minecraft:birch_log":70,"minecraft:birch_leaves":2,"minecraft:crafting_table":1,"minecraft:short_grass":18,"minecraft:coal_ore":9,"minecraft:oak_log":74,"minecraft:dirt":4,"minecraft:stone":111,"minecraft:oak_leaves":15}},"DataVersion":3953}