{"stats":{"minecraft:custom":{"minecraft:interact_with_crafting_table":73,"minecraft:open_barrel":9,"minecraft:leave_game":22,"minecraft:time_since_death":87394,"minecraft:sprint_one_cm":2337486,"minecraft:damage_blocked_by_shield":5687,"minecraft:drop":88,"minecraft:talked_to_villager":309,"minecraft:play_time":829125,"minecraft:deaths":19,"minecraft:jump":9561,"minecraft:walk_on_water_one_cm":77786,"minecraft:interact_with_furnace":147,"minecraft:traded_with_villager":3146,"minecraft:sleep_in_bed":25,"minecraft:damage_dealt":63134,"minecraft:player_kills":10,"minecraft:crouch_one_cm":89231,"minecraft:interact_with_smoker":16,"minecraft:mob_kills":417,"minecraft:interact_with_anvil":13,"minecraft:climb_one_cm":15990,"minecraft:walk_one_cm":1821529,"minecraft:sneak_time":54627,"minecraft:walk_under_water_one_cm":71715,"minecraft:boat_one_cm":67205,"minecraft:interact_with_blast_furnace":3,"minecraft:total_world_time":829125,"minecraft:interact_with_grindstone":5,"minecraft:time_since_rest":10442,"minecraft:damage_taken":14711,"minecraft:trigger_trapped_chest":5,"minecraft:swim_one_cm":210376,"minecraft:fly_one_cm":1667779,"minecraft:open_chest":456,"minecraft:fall_one_cm":188552},"minecraft:crafted":{"minecraft:grindstone":1,"minecraft:oak_planks":6320,"dixtas_armory:wooden_shortsword":1,"travelersbackpack:sleeping_bag":2,"minecraft:stone":3,"dixtas_armory:iron_battle_axe":2,"minecraft:bookshelf":4,"minecraft:cooked_mutton":17,"minecraft:glass":96,"minecraft:diamond_helmet":3,"minecraft:diamond_leggings":3,"minecraft:iron_boots":8,"dixtas_armory:wooden_dagger":1,"minecraft:chest":44,"dixtas_armory:wooden_katana":1,"minecraft:oak_slab":6,"minecraft:wooden_shovel":1,"minecraft:emerald":2952,"minecraft:arrow":1152,"minecraft:cooked_porkchop":18,"minecraft:crafting_table":1,"minecraft:spruce_planks":39468,"travelersbackpack:standard":2,"minecraft:baked_potato":3,"minecraft:iron_helmet":2,"minecraft:wooden_pickaxe":1,"minecraft:chainmail_chestplate":8,"minecraft:red_wool":4,"dixtas_armory:stone_greatsword":1,"minecraft:fletching_table":1,"minecraft:hay_block":8,"minecraft:birch_planks":376,"dixtas_armory:stone_dagger":1,"minecraft:lectern":1,"minecraft:iron_chestplate":1,"minecraft:charcoal":159,"minecraft:paper":201,"minecraft:emerald_block":223,"minecraft:shield":1,"minecraft:stick":90837,"minecraft:stone_slab":6,"minecraft:iron_ingot":98,"minecraft:iron_pickaxe":3,"minecraft:iron_block":3,"minecraft:gold_ingot":23,"minecraft:composter":1,"dixtas_armory:wooden_longsword":1,"minecraft:shears":1,"minecraft:packed_ice":1,"dixtas_armory:stone_longsword":1,"dixtas_armory:pole":1,"minecraft:spruce_button":128,"minecraft:furnace":1,"minecraft:bone_meal":69,"minecraft:lantern":11,"dixtas_armory:stone_shortsword":1,"minecraft:iron_axe":46,"minecraft:spruce_slab":12,"minecraft:stone_pickaxe":3,"minecraft:diamond_boots":3,"minecraft:chainmail_leggings":14,"minecraft:cooked_beef":35,"minecraft:red_dye":22,"dixtas_armory:iron_shortsword":1,"travelersbackpack:backpack_tank":4,"minecraft:iron_sword":2,"dixtas_armory:stone_katana":1,"minecraft:stone_axe":48,"minecraft:enchanted_book":11,"minecraft:air":0,"minecraft:wooden_axe":2,"minecraft:iron_shovel":3,"minecraft:iron_leggings":6,"minecraft:anvil":1,"minecraft:white_bed":6,"minecraft:torch":224,"dixtas_armory:iron_katana":1,"minecraft:diamond_chestplate":3},"minecraft:killed_by":{"minecraft:creeper":1,"minecraft:zombie":11,"minecraft:player":4,"minecraft:skeleton":2},"minecraft:picked_up":{"minecraft:iron_chestplate":2,"minecraft:wheat":79,"minecraft:chainmail_boots":1,"minecraft:smithing_table":1,"minecraft:stone_slab":3,"minecraft:enchanted_book":1,"minecraft:string":37,"minecraft:raw_copper":43,"minecraft:cooked_salmon":5,"minecraft:iron_leggings":3,"minecraft:shroomlight":1,"minecraft:beetroot":9,"minecraft:diamond_leggings":1,"minecraft:cobbled_deepslate":122,"minecraft:smooth_stone":1,"minecraft:spruce_planks":10,"minecraft:wooden_shovel":3,"minecraft:iron_pickaxe":1,"minecraft:coal_block":3,"minecraft:furnace":4,"minecraft:iron_boots":2,"minecraft:stick":2217,"minecraft:composter":2,"minecraft:torch":43,"minecraft:porkchop":23,"minecraft:diorite":45,"minecraft:rotten_flesh":155,"dixtas_armory:stone_dagger":1,"minecraft:iron_bars":5,"minecraft:cobblestone":539,"dixtas_armory:stone_longsword":1,"minecraft:birch_log":517,"minecraft:leather_chestplate":1,"minecraft:cooked_beef":136,"minecraft:lilac":1,"minecraft:andesite":1,"minecraft:brown_wool":2,"minecraft:smoker":2,"minecraft:potato":87,"minecraft:tuff":37,"minecraft:lapis_lazuli":12,"minecraft:stripped_birch_log":1,"minecraft:dirt":132,"minecraft:name_tag":1,"minecraft:bone":50,"minecraft:bow":1,"minecraft:wheat_seeds":224,"minecraft:raw_gold":7,"minecraft:grindstone":7,"minecraft:diamond_helmet":1,"minecraft:fletching_table":3,"minecraft:mossy_stone_bricks":3,"minecraft:oak_planks":8,"minecraft:cooked_porkchop":115,"minecraft:sand":143,"minecraft:ink_sac":3,"minecraft:grass_block":1,"minecraft:mossy_cobblestone":3,"minecraft:polished_andesite":9,"minecraft:spruce_boat":2,"minecraft:granite":2,"minecraft:grass":2,"minecraft:bone_meal":10,"minecraft:golden_apple":1,"minecraft:emerald":56,"minecraft:oak_sapling":875,"minecraft:light_gray_carpet":1,"minecraft:diamond_pickaxe":1,"minecraft:charcoal":15,"minecraft:crafting_table":5,"minecraft:chicken":1,"minecraft:leather_leggings":1,"minecraft:shield":2,"minecraft:stone_stairs":1,"minecraft:iron_axe":2,"minecraft:item_frame":2,"minecraft:iron_shovel":1,"minecraft:cracked_stone_bricks":2,"minecraft:beef":57,"minecraft:iron_nugget":7,"minecraft:light_gray_wool":1,"minecraft:lectern":17,"minecraft:chest":3,"minecraft:sugar_cane":489,"minecraft:birch_sapling":145,"minecraft:egg":8,"minecraft:raw_iron":273,"minecraft:sandstone":2,"minecraft:carrot":148,"minecraft:redstone":9,"minecraft:diamond_chestplate":1,"minecraft:arrow":136,"minecraft:cooked_cod":1,"minecraft:beetroot_seeds":24,"minecraft:diamond_boots":3,"minecraft:mutton":31,"minecraft:white_wool":194,"minecraft:clock":1,"minecraft:salmon":1,"minecraft:leather":130,"minecraft:fern":1,"minecraft:oak_log":2511,"minecraft:chainmail_chestplate":1,"dixtas_armory:iron_battle_axe":1,"minecraft:gunpowder":34,"minecraft:cobblestone_stairs":1,"minecraft:cooked_mutton":1,"minecraft:apple":186,"minecraft:stone_bricks":6,"dixtas_armory:stone_katana":1,"minecraft:iron_ingot":17,"minecraft:iron_sword":2,"minecraft:book":26,"minecraft:sweet_berries":24,"minecraft:gravel":4,"minecraft:spruce_sapling":1328,"minecraft:blast_furnace":3,"minecraft:white_bed":4,"minecraft:spruce_log":11697,"minecraft:spider_eye":10,"minecraft:leather_helmet":2,"travelersbackpack:standard":2,"minecraft:stone_axe":2,"minecraft:iron_helmet":2,"minecraft:gray_wool":3,"minecraft:black_wool":2,"minecraft:coal":220},"minecraft:mined":{"minecraft:spruce_planks":2,"minecraft:white_bed":3,"minecraft:cobblestone_stairs":6,"minecraft:orange_stained_glass":2,"minecraft:granite":1,"minecraft:grass_block":74,"minecraft:coal_block":3,"minecraft:composter":2,"minecraft:spawner":42,"minecraft:smooth_stone":2,"minecraft:iron_ore":121,"minecraft:fire":1,"minecraft:fletching_table":3,"minecraft:dirt_path":15,"minecraft:iron_bars":6,"minecraft:deepslate_redstone_ore":2,"minecraft:smoker":1,"minecraft:blast_furnace":3,"minecraft:chest":3,"minecraft:dead_bush":1,"minecraft:cobblestone":8,"minecraft:honeycomb_block":7,"minecraft:grindstone":7,"minecraft:sugar_cane":251,"minecraft:oak_planks":8,"minecraft:iron_door":1,"minecraft:wall_torch":36,"minecraft:stone_stairs":1,"minecraft:wheat":83,"minecraft:lilac":1,"minecraft:stone_brick_stairs":1,"minecraft:grass":66,"minecraft:oak_log":11,"minecraft:beetroots":9,"minecraft:sand":148,"minecraft:dirt":52,"minecraft:oak_leaves":54,"minecraft:deepslate":118,"minecraft:tuff":37,"minecraft:mossy_cobblestone":5,"minecraft:dark_oak_leaves":3,"minecraft:spruce_leaves":30,"minecraft:sandstone":2,"minecraft:large_fern":6,"minecraft:black_stained_glass_pane":2,"minecraft:spruce_sapling":3,"minecraft:furnace":3,"minecraft:carrots":40,"minecraft:andesite":5,"minecraft:bookshelf":14,"minecraft:potatoes":24,"minecraft:deepslate_iron_ore":32,"minecraft:shroomlight":1,"minecraft:vine":1,"minecraft:stone":478,"minecraft:podzol":2,"minecraft:smithing_table":1,"minecraft:crafting_table":4,"minecraft:rose_bush":7,"minecraft:lectern":17,"minecraft:stone_slab":4,"minecraft:tall_grass":17,"minecraft:copper_ore":14,"minecraft:lapis_ore":1,"minecraft:deepslate_gold_ore":7,"minecraft:diorite":47,"minecraft:sweet_berry_bush":7,"minecraft:spruce_log":12,"minecraft:birch_leaves":4,"minecraft:coal_ore":122,"minecraft:gravel":4,"minecraft:cobweb":1,"minecraft:cracked_stone_bricks":7,"minecraft:polished_andesite":37,"minecraft:stone_bricks":60,"minecraft:mossy_stone_bricks":11,"minecraft:infested_stone":2,"minecraft:fern":15},"minecraft:broken":{"minecraft:iron_shovel":1,"minecraft:iron_boots":1,"minecraft:iron_leggings":1,"minecraft:stone_pickaxe":3,"minecraft:stone_axe":46,"minecraft:iron_sword":1,"minecraft:wooden_axe":2,"minecraft:stone_sword":1,"dixtas_armory:iron_katana":1,"minecraft:wooden_pickaxe":1,"minecraft:shield":2,"dixtas_armory:stone_katana":1,"minecraft:iron_axe":26,"minecraft:iron_pickaxe":2,"minecraft:iron_helmet":2,"dixtas_armory:wooden_dagger":1},"minecraft:used":{"minecraft:beetroot":9,"minecraft:iron_shovel":200,"minecraft:chest":45,"minecraft:shield":185,"minecraft:iron_sword":430,"minecraft:zombie_spawn_egg":1,"dixtas_armory:stone_shortsword":7,"minecraft:carrot":55,"minecraft:stone_bricks":6,"minecraft:golden_sword":5,"minecraft:bow":144,"minecraft:sweet_berries":15,"minecraft:oak_sapling":5,"minecraft:furnace":5,"minecraft:cooked_cod":8,"minecraft:beetroot_seeds":24,"minecraft:egg":3,"minecraft:potato":67,"minecraft:mossy_stone_bricks":3,"minecraft:diorite":1,"minecraft:oak_planks":92,"minecraft:stone_pickaxe":392,"minecraft:wooden_pickaxe":59,"minecraft:sandstone":2,"minecraft:composter":3,"minecraft:sugar_cane":84,"minecraft:sand":9,"minecraft:blast_furnace":3,"minecraft:shears":1,"dixtas_armory:iron_katana":259,"minecraft:bread":22,"minecraft:brown_wool":1,"minecraft:lectern":18,"minecraft:gravel":3,"minecraft:grindstone":8,"minecraft:andesite":1,"minecraft:bone_meal":78,"minecraft:stone_sword":130,"minecraft:spruce_planks":2,"minecraft:wooden_shovel":57,"minecraft:torch":197,"minecraft:dirt":25,"dixtas_armory:stone_longsword":83,"minecraft:anvil":1,"minecraft:granite":1,"minecraft:wooden_axe":3,"minecraft:iron_axe":54,"minecraft:beef":6,"minecraft:cooked_beef":50,"dixtas_armory:stone_katana":134,"minecraft:cobbled_deepslate":7,"minecraft:wheat_seeds":204,"minecraft:cooked_mutton":18,"dixtas_armory:wooden_dagger":50,"minecraft:cobblestone_stairs":1,"minecraft:birch_planks":3,"minecraft:polished_andesite":9,"minecraft:baked_potato":3,"minecraft:fletching_table":4,"minecraft:cracked_stone_bricks":2,"minecraft:salmon":1,"minecraft:mossy_cobblestone":3,"minecraft:crafting_table":6,"minecraft:white_bed":4,"minecraft:spruce_log":6,"minecraft:smoker":2,"minecraft:oak_log":8,"minecraft:diamond_pickaxe":15,"minecraft:apple":91,"minecraft:iron_pickaxe":746,"minecraft:stone_slab":1,"minecraft:spruce_sapling":102,"minecraft:stone_axe":96,"minecraft:cobblestone":75,"minecraft:cooked_porkchop":29,"dixtas_armory:iron_battle_axe":134},"minecraft:killed":{"minecraft:spider":44,"minecraft:skeleton":63,"minecraft:pig":29,"minecraft:zombie_villager":1,"minecraft:salmon":6,"minecraft:creeper":21,"minecraft:sheep":16,"minecraft:zombie":153,"minecraft:cow":45,"minecraft:drowned":1,"minecraft:enderman":1},"minecraft:dropped":{"minecraft:iron_sword":2,"minecraft:cooked_beef":1,"minecraft:cooked_porkchop":9,"minecraft:item_frame":2,"minecraft:flint":1,"minecraft:dirt":1,"minecraft:iron_pickaxe":1,"minecraft:white_wool":12,"minecraft:bone":23,"minecraft:stone_axe":2,"minecraft:cobbled_deepslate":7,"minecraft:wheat":1,"dixtas_armory:stone_katana":1,"minecraft:rotten_flesh":120,"minecraft:oak_planks":13,"minecraft:fern":1,"minecraft:light_gray_carpet":1,"dixtas_armory:stone_greatsword":1,"minecraft:arrow":12,"dixtas_armory:iron_battle_axe":1,"minecraft:egg":1,"minecraft:bread":1,"minecraft:wheat_seeds":15,"minecraft:lilac":1,"minecraft:iron_helmet":1,"minecraft:cobblestone":9,"minecraft:apple":1,"dixtas_armory:stone_dagger":2,"minecraft:stick":175,"minecraft:ink_sac":3,"minecraft:torch":64,"minecraft:iron_leggings":1,"minecraft:stripped_birch_log":1,"minecraft:iron_axe":1,"minecraft:string":2,"minecraft:spruce_sapling":1,"dixtas_armory:stone_shortsword":1,"minecraft:chicken":1,"minecraft:light_gray_wool":1,"minecraft:iron_boots":1,"minecraft:wooden_shovel":2,"minecraft:spider_eye":6,"minecraft:spruce_log":98}},"DataVersion":3105}