{"stats":{"minecraft:killed":{"minecraft:phantom":6,"minecraft:skeleton":3,"minecraft:chicken":2,"minecraft:pig":19,"minecraft:zombie_villager":1,"minecraft:salmon":5,"minecraft:iron_golem":1,"minecraft:creeper":4,"minecraft:sheep":3,"minecraft:trader_llama":1,"minecraft:zombie":28,"minecraft:cow":6,"minecraft:enderman":2},"minecraft:dropped":{"minecraft:iron_ingot":2,"minecraft:iron_sword":1,"minecraft:wheat_seeds":26,"minecraft:mossy_cobblestone":1,"minecraft:cobblestone":420,"minecraft:stick":2,"minecraft:flint":1,"minecraft:dirt":11,"minecraft:cornflower":2,"minecraft:wooden_axe":1,"minecraft:rose_bush":1,"minecraft:redstone":1,"minecraft:bone":4,"minecraft:gravel":2,"minecraft:cobbled_deepslate":104,"minecraft:raw_copper":3,"minecraft:tuff":4,"minecraft:raw_iron":1,"minecraft:beetroot":18,"minecraft:rotten_flesh":42,"minecraft:oak_planks":12,"minecraft:gunpowder":1,"minecraft:beetroot_seeds":28,"minecraft:melon_seeds":8,"minecraft:golden_leggings":1,"minecraft:oak_sapling":3,"minecraft:wooden_pickaxe":2,"minecraft:netherrack":7},"minecraft:killed_by":{"minecraft:player":1,"minecraft:skeleton":1,"minecraft:zombie":2},"minecraft:used":{"minecraft:rose_bush":1,"minecraft:stone_shovel":593,"minecraft:chest":54,"minecraft:iron_sword":87,"minecraft:netherrack":1,"minecraft:oak_door":3,"minecraft:torch":82,"minecraft:dirt":103,"minecraft:carrot":109,"minecraft:tuff":14,"minecraft:granite":15,"minecraft:wooden_axe":79,"minecraft:iron_axe":500,"minecraft:furnace":6,"minecraft:egg":1,"minecraft:cooked_beef":2,"minecraft:potato":52,"minecraft:cobbled_deepslate":191,"minecraft:wheat_seeds":29,"minecraft:diorite":4,"minecraft:baked_potato":4,"minecraft:stone_pickaxe":675,"minecraft:oak_planks":795,"minecraft:wooden_pickaxe":24,"minecraft:mossy_cobblestone":36,"minecraft:crafting_table":8,"minecraft:white_bed":1,"minecraft:cobbled_deepslate_stairs":6,"minecraft:diamond_pickaxe":1224,"minecraft:iron_pickaxe":330,"minecraft:spruce_sapling":28,"minecraft:gravel":1,"minecraft:stone_axe":323,"minecraft:cobblestone":40,"minecraft:cooked_porkchop":39,"minecraft:oak_boat":1,"minecraft:bone_meal":3},"minecraft:crafted":{"minecraft:oak_door":3,"minecraft:oak_planks":1220,"minecraft:stone_shovel":6,"minecraft:furnace":6,"minecraft:bone_meal":3,"minecraft:glass":256,"minecraft:iron_axe":2,"minecraft:stone_pickaxe":7,"minecraft:chest":50,"minecraft:cobbled_deepslate_stairs":4,"minecraft:wheat":9,"minecraft:cooked_beef":13,"minecraft:cooked_porkchop":41,"minecraft:crafting_table":4,"minecraft:spruce_planks":12,"minecraft:baked_potato":24,"minecraft:wooden_pickaxe":2,"minecraft:iron_sword":1,"minecraft:stone_axe":4,"minecraft:air":0,"minecraft:charcoal":7,"minecraft:stick":64,"minecraft:iron_ingot":11,"minecraft:iron_pickaxe":1,"minecraft:wooden_axe":2,"minecraft:white_bed":1,"minecraft:torch":60},"minecraft:custom":{"minecraft:mob_kills":83,"minecraft:interact_with_crafting_table":33,"minecraft:bell_ring":359,"minecraft:leave_game":6,"minecraft:time_since_death":65519,"minecraft:climb_one_cm":1924,"minecraft:sprint_one_cm":487179,"minecraft:walk_one_cm":765849,"minecraft:drop":88,"minecraft:talked_to_villager":8,"minecraft:play_time":385356,"minecraft:sneak_time":32052,"minecraft:deaths":5,"minecraft:walk_under_water_one_cm":32155,"minecraft:boat_one_cm":3301,"minecraft:jump":3705,"minecraft:walk_on_water_one_cm":18962,"minecraft:total_world_time":385356,"minecraft:interact_with_furnace":53,"minecraft:sleep_in_bed":4,"minecraft:time_since_rest":65547,"minecraft:damage_taken":4802,"minecraft:damage_dealt":14406,"minecraft:swim_one_cm":46194,"minecraft:fly_one_cm":563598,"minecraft:open_chest":126,"minecraft:crouch_one_cm":66056,"minecraft:fall_one_cm":87819,"minecraft:horse_one_cm":75302},"minecraft:mined":{"minecraft:tuff":27,"minecraft:mossy_cobblestone":36,"minecraft:cobbled_deepslate_stairs":2,"minecraft:oak_door":1,"minecraft:grass_block":140,"minecraft:spruce_leaves":118,"minecraft:hay_block":3,"minecraft:spruce_sapling":7,"minecraft:furnace":1,"minecraft:carrots":99,"minecraft:iron_ore":13,"minecraft:cobbled_deepslate":44,"minecraft:andesite":2,"minecraft:deepslate_lapis_ore":2,"minecraft:potatoes":23,"minecraft:deepslate_iron_ore":1,"minecraft:dirt_path":37,"minecraft:stone":1579,"minecraft:crafting_table":5,"minecraft:cornflower":2,"minecraft:torch":9,"minecraft:chest":3,"minecraft:rose_bush":1,"minecraft:copper_ore":32,"minecraft:tall_grass":2,"minecraft:cobblestone":40,"minecraft:oak_planks":46,"minecraft:diorite":4,"minecraft:wall_torch":15,"minecraft:seagrass":1,"minecraft:birch_log":114,"minecraft:wheat":47,"minecraft:spruce_log":252,"minecraft:birch_leaves":1,"minecraft:grass":50,"minecraft:oak_log":324,"minecraft:coal_ore":201,"minecraft:beetroots":13,"minecraft:sunflower":1,"minecraft:gravel":4,"minecraft:sand":408,"minecraft:dirt":11,"minecraft:netherrack":10,"minecraft:oak_leaves":41,"minecraft:deepslate":254},"minecraft:picked_up":{"minecraft:crafting_table":5,"minecraft:wheat":88,"minecraft:chicken":8,"minecraft:lead":1,"minecraft:cornflower":6,"minecraft:raw_copper":124,"minecraft:iron_axe":4,"minecraft:beetroot":35,"minecraft:cobbled_deepslate":461,"minecraft:beef":13,"minecraft:oak_boat":4,"minecraft:rose_bush":2,"minecraft:poppy":1,"minecraft:iron_pickaxe":1,"minecraft:chest":4,"minecraft:furnace":1,"minecraft:spruce_trapdoor":2,"minecraft:phantom_membrane":4,"minecraft:egg":3,"minecraft:stick":29,"minecraft:raw_iron":14,"minecraft:oak_door":1,"minecraft:torch":44,"minecraft:porkchop":42,"minecraft:diorite":9,"minecraft:carrot":316,"minecraft:redstone":1,"minecraft:rotten_flesh":75,"minecraft:arrow":3,"minecraft:stone_shovel":1,"minecraft:beetroot_seeds":77,"minecraft:hay_block":1,"minecraft:saddle":3,"minecraft:mutton":20,"minecraft:white_wool":3,"minecraft:cobblestone":1685,"minecraft:oxeye_daisy":1,"minecraft:birch_log":114,"minecraft:feather":8,"minecraft:cooked_beef":35,"minecraft:andesite":1,"minecraft:salmon":5,"minecraft:leather":28,"minecraft:golden_leggings":1,"minecraft:potato":96,"minecraft:flint":1,"minecraft:tuff":28,"minecraft:oak_log":323,"minecraft:cobbled_deepslate_stairs":2,"minecraft:gunpowder":9,"minecraft:wooden_hoe":1,"minecraft:dirt":271,"minecraft:bone":6,"minecraft:apple":4,"minecraft:wheat_seeds":147,"minecraft:stone_pickaxe":2,"minecraft:iron_ingot":28,"minecraft:iron_sword":5,"minecraft:oak_planks":123,"minecraft:cooked_porkchop":44,"minecraft:dandelion":3,"minecraft:poisonous_potato":1,"minecraft:gravel":4,"minecraft:sand":816,"minecraft:spruce_sapling":30,"minecraft:grass_block":1,"minecraft:spruce_log":323,"minecraft:mossy_cobblestone":74,"minecraft:granite":43,"minecraft:oak_sapling":13,"minecraft:netherrack":32,"minecraft:melon_seeds":8,"minecraft:coal":381,"minecraft:diamond_pickaxe":1,"minecraft:ender_pearl":4},"minecraft:broken":{"minecraft:stone_pickaxe":5,"minecraft:iron_axe":2,"minecraft:stone_axe":3,"minecraft:iron_pickaxe":2,"minecraft:wooden_axe":1,"minecraft:stone_shovel":4}},"DataVersion":3105}