{"stats":{"minecraft:custom":{"minecraft:interact_with_crafting_table":90,"minecraft:open_barrel":9,"minecraft:leave_game":29,"minecraft:time_since_death":290164,"minecraft:sprint_one_cm":2737604,"minecraft:damage_blocked_by_shield":5687,"minecraft:drop":149,"minecraft:talked_to_villager":405,"minecraft:play_time":1031895,"minecraft:deaths":19,"minecraft:jump":11522,"minecraft:walk_on_water_one_cm":92558,"minecraft:enchant_item":3,"minecraft:interact_with_furnace":150,"minecraft:traded_with_villager":4838,"minecraft:sleep_in_bed":29,"minecraft:damage_dealt":93892,"minecraft:player_kills":10,"minecraft:crouch_one_cm":96800,"minecraft:interact_with_smoker":18,"minecraft:interact_with_anvil":27,"minecraft:mob_kills":593,"minecraft:climb_one_cm":16421,"minecraft:walk_one_cm":2182465,"minecraft:sneak_time":65861,"minecraft:walk_under_water_one_cm":110795,"minecraft:boat_one_cm":693887,"minecraft:interact_with_blast_furnace":7,"minecraft:total_world_time":1031895,"minecraft:interact_with_grindstone":8,"minecraft:time_since_rest":77670,"minecraft:damage_taken":16242,"minecraft:trigger_trapped_chest":10,"minecraft:swim_one_cm":259798,"minecraft:fly_one_cm":1999289,"minecraft:open_chest":575,"minecraft:fall_one_cm":239547},"minecraft:killed_by":{"minecraft:creeper":1,"minecraft:zombie":11,"minecraft:player":4,"minecraft:skeleton":2},"minecraft:mined":{"minecraft:spruce_planks":2,"minecraft:white_bed":3,"minecraft:cobblestone_stairs":7,"minecraft:jungle_leaves":2,"minecraft:orange_stained_glass":8,"minecraft:obsidian":25,"minecraft:granite":1,"minecraft:grass_block":77,"minecraft:coal_block":3,"minecraft:composter":2,"minecraft:spawner":52,"minecraft:smooth_stone":3,"minecraft:iron_ore":121,"minecraft:fire":7,"minecraft:fletching_table":3,"minecraft:dirt_path":16,"minecraft:iron_bars":9,"minecraft:deepslate_redstone_ore":2,"minecraft:smoker":1,"minecraft:torch":1,"minecraft:blast_furnace":3,"minecraft:chest":3,"minecraft:dead_bush":1,"minecraft:cobblestone":12,"minecraft:honeycomb_block":12,"minecraft:grindstone":7,"minecraft:sugar_cane":251,"minecraft:oak_planks":10,"minecraft:iron_door":1,"minecraft:wall_torch":36,"minecraft:stone_stairs":2,"minecraft:wheat":83,"minecraft:lilac":1,"minecraft:stone_brick_stairs":2,"minecraft:grass":68,"minecraft:oak_log":13,"minecraft:beetroots":9,"minecraft:sand":148,"minecraft:dirt":57,"minecraft:netherrack":2,"minecraft:oak_leaves":61,"minecraft:deepslate":118,"minecraft:tuff":37,"minecraft:mossy_cobblestone":5,"minecraft:dark_oak_leaves":3,"minecraft:spruce_leaves":53,"minecraft:sandstone":2,"minecraft:large_fern":7,"minecraft:black_stained_glass_pane":2,"minecraft:oak_trapdoor":8,"minecraft:spruce_sapling":4,"minecraft:furnace":3,"minecraft:carrots":40,"minecraft:andesite":6,"minecraft:gold_block":3,"minecraft:bookshelf":14,"minecraft:potatoes":24,"minecraft:deepslate_iron_ore":32,"minecraft:shroomlight":3,"minecraft:vine":1,"minecraft:stripped_oak_log":1,"minecraft:stone":494,"minecraft:podzol":5,"minecraft:smithing_table":1,"minecraft:oak_fence":2,"minecraft:crafting_table":4,"minecraft:honey_block":2,"minecraft:rose_bush":7,"minecraft:lectern":26,"minecraft:stone_slab":5,"minecraft:tall_grass":19,"minecraft:copper_ore":14,"minecraft:lapis_ore":1,"minecraft:deepslate_gold_ore":7,"minecraft:diorite":47,"minecraft:sweet_berry_bush":7,"minecraft:spruce_log":13,"minecraft:birch_leaves":5,"minecraft:bee_nest":7,"minecraft:coal_ore":122,"minecraft:gravel":4,"minecraft:cobweb":2,"minecraft:cracked_stone_bricks":10,"minecraft:polished_andesite":43,"minecraft:stone_bricks":94,"minecraft:mossy_stone_bricks":18,"minecraft:infested_stone":2,"minecraft:fern":23},"minecraft:killed":{"minecraft:spider":63,"minecraft:skeleton":87,"minecraft:bee":3,"minecraft:pig":31,"minecraft:zombie_villager":1,"minecraft:salmon":6,"minecraft:creeper":40,"minecraft:sheep":16,"minecraft:zombie":212,"minecraft:cow":49,"minecraft:drowned":16,"minecraft:squid":1,"minecraft:enderman":1},"minecraft:broken":{"minecraft:iron_shovel":1,"minecraft:iron_boots":1,"minecraft:iron_leggings":1,"minecraft:stone_pickaxe":3,"minecraft:stone_axe":47,"minecraft:iron_sword":1,"minecraft:wooden_axe":2,"minecraft:stone_sword":1,"dixtas_armory:iron_katana":1,"minecraft:wooden_pickaxe":1,"minecraft:shield":2,"dixtas_armory:stone_katana":1,"minecraft:iron_axe":48,"minecraft:iron_pickaxe":2,"minecraft:iron_helmet":2,"dixtas_armory:wooden_dagger":1},"minecraft:crafted":{"minecraft:grindstone":1,"minecraft:oak_planks":6356,"dixtas_armory:wooden_shortsword":1,"minecraft:birch_slab":6,"travelersbackpack:sleeping_bag":2,"minecraft:stone":3,"dixtas_armory:diamond_battle_axe":1,"dixtas_armory:iron_battle_axe":2,"minecraft:bookshelf":30,"minecraft:cooked_mutton":17,"minecraft:glass":128,"minecraft:diamond_helmet":3,"minecraft:diamond_leggings":3,"minecraft:iron_boots":8,"dixtas_armory:wooden_dagger":1,"minecraft:chest":44,"dixtas_armory:wooden_katana":1,"minecraft:oak_slab":6,"minecraft:wooden_shovel":1,"minecraft:emerald":5024,"minecraft:arrow":1344,"minecraft:cooked_porkchop":18,"minecraft:crafting_table":1,"minecraft:spruce_planks":64456,"travelersbackpack:standard":2,"minecraft:baked_potato":3,"minecraft:iron_helmet":2,"minecraft:wooden_pickaxe":1,"minecraft:chainmail_chestplate":8,"minecraft:red_wool":4,"dixtas_armory:stone_greatsword":1,"minecraft:fletching_table":1,"minecraft:hay_block":8,"minecraft:birch_planks":664,"minecraft:apple":48,"dixtas_armory:stone_dagger":1,"minecraft:lectern":3,"minecraft:iron_chestplate":1,"minecraft:diamond_pickaxe":1,"minecraft:paper":201,"minecraft:charcoal":159,"minecraft:emerald_block":372,"minecraft:shield":1,"minecraft:stick":140702,"minecraft:stone_slab":6,"minecraft:iron_ingot":98,"minecraft:compass":7,"minecraft:iron_pickaxe":3,"minecraft:iron_block":3,"minecraft:gold_ingot":23,"minecraft:composter":1,"dixtas_armory:wooden_longsword":1,"minecraft:shears":1,"minecraft:packed_ice":1,"minecraft:oak_door":3,"dixtas_armory:stone_longsword":1,"dixtas_armory:pole":1,"minecraft:spruce_button":128,"minecraft:furnace":1,"minecraft:bone_meal":69,"minecraft:lantern":23,"dixtas_armory:stone_shortsword":1,"minecraft:iron_axe":48,"minecraft:spruce_slab":12,"minecraft:stone_pickaxe":3,"minecraft:diamond_boots":3,"minecraft:chainmail_leggings":14,"minecraft:cooked_beef":35,"minecraft:red_dye":22,"dixtas_armory:iron_shortsword":1,"minecraft:enchanting_table":1,"travelersbackpack:backpack_tank":4,"minecraft:iron_sword":2,"dixtas_armory:stone_katana":1,"minecraft:stone_axe":49,"minecraft:enchanted_book":27,"minecraft:bread":60,"minecraft:air":0,"minecraft:oak_boat":1,"minecraft:wooden_axe":2,"minecraft:iron_shovel":3,"minecraft:iron_leggings":6,"minecraft:anvil":1,"minecraft:white_bed":6,"minecraft:torch":224,"dixtas_armory:iron_katana":1,"minecraft:diamond_chestplate":3},"minecraft:used":{"minecraft:beetroot":9,"minecraft:iron_shovel":200,"minecraft:chest":45,"minecraft:shield":185,"dixtas_armory:diamond_battle_axe":221,"minecraft:iron_sword":430,"minecraft:zombie_spawn_egg":1,"dixtas_armory:stone_shortsword":7,"minecraft:carrot":55,"minecraft:stone_bricks":23,"minecraft:golden_sword":5,"minecraft:bow":144,"minecraft:sweet_berries":15,"minecraft:oak_sapling":5,"minecraft:furnace":5,"minecraft:cooked_cod":8,"minecraft:beetroot_seeds":24,"minecraft:egg":3,"minecraft:potato":67,"minecraft:mossy_stone_bricks":3,"minecraft:diorite":1,"minecraft:oak_planks":116,"minecraft:stone_pickaxe":392,"minecraft:wooden_pickaxe":59,"minecraft:sandstone":2,"minecraft:sugar_cane":84,"minecraft:composter":3,"minecraft:sand":9,"minecraft:blast_furnace":3,"minecraft:shears":1,"dixtas_armory:iron_katana":259,"minecraft:bread":22,"minecraft:brown_wool":1,"minecraft:lectern":29,"minecraft:gravel":3,"minecraft:grindstone":8,"minecraft:andesite":1,"minecraft:oak_boat":7,"minecraft:bone_meal":78,"minecraft:enchanting_table":1,"minecraft:stone_sword":130,"minecraft:spruce_planks":57,"minecraft:wooden_shovel":57,"minecraft:oak_door":1,"minecraft:torch":199,"minecraft:dirt":25,"dixtas_armory:stone_longsword":83,"minecraft:anvil":1,"minecraft:granite":1,"minecraft:wooden_axe":3,"minecraft:bookshelf":15,"minecraft:iron_axe":102,"minecraft:beef":6,"minecraft:cooked_beef":74,"dixtas_armory:stone_katana":134,"minecraft:cobbled_deepslate":7,"minecraft:wheat_seeds":204,"minecraft:cooked_mutton":18,"dixtas_armory:wooden_dagger":50,"minecraft:cobblestone_stairs":1,"minecraft:birch_planks":3,"minecraft:polished_andesite":9,"minecraft:baked_potato":3,"minecraft:fletching_table":4,"minecraft:cracked_stone_bricks":2,"minecraft:salmon":1,"minecraft:mossy_cobblestone":3,"minecraft:crafting_table":6,"minecraft:white_bed":4,"minecraft:spruce_log":6,"minecraft:smoker":2,"minecraft:oak_log":8,"minecraft:diamond_pickaxe":151,"minecraft:apple":96,"minecraft:iron_pickaxe":746,"minecraft:stone_slab":1,"minecraft:spruce_sapling":116,"minecraft:stone_axe":101,"minecraft:cobblestone":92,"minecraft:cooked_porkchop":30,"dixtas_armory:iron_battle_axe":136},"minecraft:dropped":{"minecraft:iron_sword":2,"minecraft:cooked_beef":1,"minecraft:cooked_porkchop":9,"travelersbackpack:standard":1,"minecraft:item_frame":2,"minecraft:flint":1,"minecraft:dirt":2,"minecraft:iron_pickaxe":1,"minecraft:white_wool":12,"minecraft:bone":37,"minecraft:stone_axe":2,"minecraft:cobbled_deepslate":7,"minecraft:wheat":1,"dixtas_armory:stone_katana":1,"minecraft:rotten_flesh":138,"minecraft:oak_planks":14,"minecraft:fern":1,"minecraft:light_gray_carpet":1,"dixtas_armory:stone_greatsword":1,"minecraft:gunpowder":7,"minecraft:iron_bars":3,"minecraft:arrow":18,"minecraft:stone_brick_stairs":1,"dixtas_armory:iron_battle_axe":1,"minecraft:egg":1,"minecraft:bread":1,"minecraft:wheat_seeds":16,"minecraft:lilac":1,"minecraft:oak_fence":2,"minecraft:iron_helmet":1,"minecraft:cobblestone":9,"minecraft:apple":1,"minecraft:spruce_button":64,"dixtas_armory:stone_dagger":2,"minecraft:stick":889,"minecraft:ink_sac":3,"minecraft:torch":64,"minecraft:iron_leggings":1,"minecraft:stripped_birch_log":1,"minecraft:iron_axe":1,"minecraft:string":4,"minecraft:spruce_sapling":550,"dixtas_armory:stone_shortsword":1,"minecraft:chicken":1,"minecraft:light_gray_wool":1,"minecraft:iron_boots":1,"minecraft:stripped_oak_log":1,"minecraft:stone_slab":1,"minecraft:spruce_planks":3,"minecraft:oak_sapling":3,"minecraft:wooden_shovel":2,"minecraft:spider_eye":6,"minecraft:spruce_log":98,"minecraft:bow":1},"minecraft:picked_up":{"minecraft:iron_chestplate":2,"minecraft:wheat":79,"minecraft:chainmail_boots":1,"minecraft:smithing_table":1,"minecraft:stone_slab":4,"minecraft:enchanted_book":1,"minecraft:stone_brick_stairs":1,"minecraft:string":56,"minecraft:raw_copper":43,"minecraft:cooked_salmon":5,"minecraft:iron_leggings":3,"minecraft:shroomlight":3,"minecraft:beetroot":9,"minecraft:diamond_leggings":1,"minecraft:cobbled_deepslate":122,"minecraft:smooth_stone":2,"minecraft:spruce_planks":100,"minecraft:wooden_shovel":3,"minecraft:iron_pickaxe":1,"minecraft:coal_block":3,"minecraft:furnace":4,"minecraft:iron_boots":2,"minecraft:golden_helmet":1,"minecraft:stick":2855,"minecraft:composter":2,"minecraft:oak_fence":2,"minecraft:torch":44,"minecraft:porkchop":23,"minecraft:honeycomb_block":4,"minecraft:diorite":45,"minecraft:rotten_flesh":202,"dixtas_armory:stone_dagger":1,"minecraft:obsidian":25,"minecraft:iron_bars":8,"minecraft:cobblestone":559,"dixtas_armory:stone_longsword":1,"minecraft:birch_log":517,"minecraft:leather_chestplate":1,"minecraft:cooked_beef":142,"minecraft:lilac":1,"minecraft:andesite":2,"minecraft:brown_wool":2,"minecraft:golden_leggings":1,"minecraft:smoker":2,"minecraft:potato":87,"minecraft:tuff":37,"minecraft:lapis_lazuli":12,"minecraft:stripped_birch_log":1,"minecraft:dirt":136,"minecraft:name_tag":1,"minecraft:bone":69,"minecraft:bow":2,"minecraft:wheat_seeds":226,"minecraft:raw_gold":7,"minecraft:grindstone":7,"minecraft:fletching_table":3,"minecraft:diamond_helmet":1,"minecraft:mossy_stone_bricks":10,"minecraft:oak_planks":11,"minecraft:cooked_porkchop":120,"minecraft:sand":143,"minecraft:ink_sac":4,"minecraft:grass_block":1,"minecraft:mossy_cobblestone":3,"minecraft:polished_andesite":15,"minecraft:spruce_boat":2,"minecraft:granite":2,"minecraft:grass":2,"minecraft:bone_meal":10,"minecraft:golden_apple":1,"minecraft:emerald":108,"minecraft:oak_sapling":878,"minecraft:light_gray_carpet":1,"minecraft:diamond_pickaxe":1,"minecraft:charcoal":15,"minecraft:crafting_table":5,"minecraft:chicken":1,"minecraft:leather_leggings":1,"minecraft:gold_block":3,"minecraft:shield":2,"minecraft:oak_trapdoor":8,"minecraft:stone_stairs":2,"minecraft:iron_axe":2,"minecraft:item_frame":2,"minecraft:iron_shovel":1,"minecraft:cracked_stone_bricks":5,"minecraft:beef":57,"minecraft:oak_boat":7,"minecraft:jungle_sapling":1,"minecraft:iron_nugget":7,"minecraft:poppy":1,"minecraft:light_gray_wool":1,"minecraft:lectern":26,"minecraft:chest":3,"minecraft:sugar_cane":489,"minecraft:birch_sapling":145,"minecraft:egg":8,"minecraft:raw_iron":273,"minecraft:sandstone":2,"minecraft:carrot":148,"minecraft:redstone":9,"minecraft:arrow":152,"minecraft:diamond_chestplate":1,"minecraft:cooked_cod":1,"minecraft:beetroot_seeds":24,"minecraft:diamond_boots":3,"minecraft:mutton":31,"minecraft:white_wool":194,"minecraft:stripped_oak_log":2,"minecraft:oxeye_daisy":1,"minecraft:clock":1,"minecraft:salmon":1,"minecraft:leather":135,"minecraft:fern":1,"minecraft:oak_log":2519,"minecraft:chainmail_chestplate":1,"dixtas_armory:iron_battle_axe":1,"minecraft:gunpowder":47,"minecraft:cobblestone_stairs":2,"minecraft:cooked_mutton":1,"minecraft:kelp":2,"minecraft:apple":186,"minecraft:stone_bricks":38,"dixtas_armory:stone_katana":1,"minecraft:iron_ingot":17,"minecraft:iron_sword":3,"minecraft:book":26,"minecraft:sweet_berries":24,"minecraft:dandelion":1,"minecraft:gravel":4,"minecraft:spruce_sapling":2011,"minecraft:blast_furnace":3,"minecraft:white_bed":4,"minecraft:spruce_log":18109,"minecraft:spider_eye":15,"minecraft:leather_helmet":2,"travelersbackpack:standard":3,"minecraft:stone_axe":2,"minecraft:honey_block":2,"minecraft:iron_helmet":2,"minecraft:gray_wool":3,"minecraft:black_wool":2,"minecraft:coal":220}},"DataVersion":3105}