{"stats":{"minecraft:crafted":{"minecraft:oak_planks":40,"minecraft:cooked_porkchop":3,"minecraft:crafting_table":1,"minecraft:wooden_pickaxe":1,"minecraft:cooked_chicken":2,"minecraft:furnace":2,"minecraft:copper_ingot":28,"minecraft:birch_planks":24,"minecraft:stone_axe":5,"minecraft:air":0,"minecraft:charcoal":96,"minecraft:stick":28,"minecraft:iron_ingot":2,"minecraft:stone_pickaxe":5,"minecraft:wooden_axe":1,"minecraft:chest":2,"minecraft:birch_door":3,"minecraft:torch":68},"minecraft:used":{"minecraft:birch_planks":1,"minecraft:stone_pickaxe":462,"minecraft:chest":2,"minecraft:wooden_pickaxe":59,"minecraft:cooked_chicken":2,"minecraft:rotten_flesh":13,"minecraft:torch":54,"minecraft:dirt":3,"minecraft:crafting_table":2,"minecraft:birch_door":1,"minecraft:oak_log":5,"minecraft:wooden_axe":57,"minecraft:stone_axe":632,"minecraft:cobblestone":32,"minecraft:furnace":2,"minecraft:cooked_porkchop":1},"minecraft:custom":{"minecraft:interact_with_furnace":28,"minecraft:mob_kills":21,"minecraft:interact_with_crafting_table":14,"minecraft:leave_game":1,"minecraft:time_since_death":31497,"minecraft:time_since_rest":31522,"minecraft:sprint_one_cm":88412,"minecraft:damage_taken":1044,"minecraft:walk_one_cm":179599,"minecraft:damage_dealt":3669,"minecraft:fly_one_cm":34382,"minecraft:open_chest":16,"minecraft:crouch_one_cm":5024,"minecraft:play_time":63627,"minecraft:deaths":2,"minecraft:sneak_time":3970,"minecraft:walk_under_water_one_cm":224,"minecraft:jump":598,"minecraft:walk_on_water_one_cm":157,"minecraft:total_world_time":63627,"minecraft:fall_one_cm":8616},"minecraft:broken":{"minecraft:stone_pickaxe":3,"minecraft:stone_axe":5,"minecraft:wooden_axe":1,"minecraft:wooden_pickaxe":1},"minecraft:killed_by":{"minecraft:zombie":2},"minecraft:killed":{"minecraft:pig":2,"minecraft:spider":1,"minecraft:creeper":1,"minecraft:zombie":15,"minecraft:chicken":2},"minecraft:picked_up":{"minecraft:birch_log":267,"minecraft:pink_petals":56,"minecraft:crafting_table":1,"minecraft:feather":2,"minecraft:chicken":2,"minecraft:andesite":34,"minecraft:potato":1,"minecraft:oak_log":459,"minecraft:dirt":18,"minecraft:string":4,"minecraft:raw_copper":134,"minecraft:apple":2,"minecraft:wheat_seeds":4,"minecraft:birch_sapling":15,"minecraft:oak_planks":16,"minecraft:egg":1,"minecraft:stick":26,"minecraft:raw_iron":2,"minecraft:cooked_porkchop":1,"minecraft:torch":66,"minecraft:gravel":7,"minecraft:porkchop":3,"minecraft:cherry_log":19,"minecraft:spider_eye":2,"minecraft:rotten_flesh":16,"minecraft:stone_axe":1,"minecraft:oak_sapling":26,"minecraft:coal":100,"minecraft:cobblestone":401},"minecraft:mined":{"minecraft:cherry_log":19,"minecraft:crafting_table":1,"minecraft:short_grass":35,"minecraft:tall_grass":5,"minecraft:copper_ore":36,"minecraft:wall_torch":7,"minecraft:pink_petals":20,"minecraft:birch_log":218,"minecraft:iron_ore":3,"minecraft:birch_leaves":8,"minecraft:andesite":34,"minecraft:oak_log":353,"minecraft:coal_ore":100,"minecraft:cherry_leaves":1,"minecraft:gravel":7,"minecraft:dirt":4,"minecraft:stone":340,"minecraft:oak_leaves":44}},"DataVersion":3953}