{"stats":{"minecraft:custom":{"minecraft:interact_with_crafting_table":58,"minecraft:open_barrel":9,"minecraft:leave_game":7,"minecraft:time_since_death":162731,"minecraft:sprint_one_cm":1261257,"minecraft:damage_blocked_by_shield":2987,"minecraft:drop":62,"minecraft:talked_to_villager":118,"minecraft:play_time":446091,"minecraft:deaths":18,"minecraft:jump":6242,"minecraft:walk_on_water_one_cm":40875,"minecraft:interact_with_furnace":123,"minecraft:traded_with_villager":224,"minecraft:sleep_in_bed":15,"minecraft:damage_dealt":34185,"minecraft:player_kills":10,"minecraft:crouch_one_cm":41660,"minecraft:interact_with_smoker":13,"minecraft:mob_kills":222,"minecraft:interact_with_anvil":4,"minecraft:climb_one_cm":15519,"minecraft:walk_one_cm":1104168,"minecraft:sneak_time":22329,"minecraft:walk_under_water_one_cm":42432,"minecraft:boat_one_cm":67205,"minecraft:interact_with_blast_furnace":1,"minecraft:total_world_time":446091,"minecraft:time_since_rest":22021,"minecraft:damage_taken":11777,"minecraft:trigger_trapped_chest":5,"minecraft:swim_one_cm":94584,"minecraft:fly_one_cm":1093333,"minecraft:open_chest":186,"minecraft:fall_one_cm":138125},"minecraft:used":{"minecraft:beetroot":9,"minecraft:iron_shovel":129,"minecraft:chest":12,"minecraft:shield":126,"minecraft:iron_sword":197,"minecraft:zombie_spawn_egg":1,"dixtas_armory:stone_shortsword":7,"minecraft:carrot":55,"minecraft:stone_bricks":6,"minecraft:golden_sword":5,"minecraft:bow":80,"minecraft:sweet_berries":15,"minecraft:furnace":5,"minecraft:oak_sapling":4,"minecraft:cooked_cod":8,"minecraft:beetroot_seeds":24,"minecraft:egg":3,"minecraft:potato":67,"minecraft:mossy_stone_bricks":3,"minecraft:diorite":1,"minecraft:stone_pickaxe":392,"minecraft:oak_planks":92,"minecraft:wooden_pickaxe":59,"minecraft:sandstone":2,"minecraft:sugar_cane":82,"minecraft:sand":9,"minecraft:blast_furnace":3,"dixtas_armory:iron_katana":259,"minecraft:bread":2,"minecraft:brown_wool":1,"minecraft:lectern":14,"minecraft:gravel":3,"minecraft:grindstone":7,"minecraft:andesite":1,"minecraft:bone_meal":51,"minecraft:spruce_planks":2,"minecraft:wooden_shovel":57,"minecraft:torch":197,"minecraft:dirt":20,"dixtas_armory:stone_longsword":83,"minecraft:anvil":1,"minecraft:granite":1,"minecraft:wooden_axe":3,"minecraft:iron_axe":15,"minecraft:beef":6,"minecraft:cooked_beef":36,"dixtas_armory:stone_katana":134,"minecraft:cobbled_deepslate":3,"minecraft:wheat_seeds":204,"minecraft:cooked_mutton":18,"dixtas_armory:wooden_dagger":50,"minecraft:cobblestone_stairs":1,"minecraft:polished_andesite":9,"minecraft:fletching_table":4,"minecraft:cracked_stone_bricks":2,"minecraft:salmon":1,"minecraft:mossy_cobblestone":3,"minecraft:crafting_table":6,"minecraft:white_bed":4,"minecraft:smoker":2,"minecraft:oak_log":4,"minecraft:diamond_pickaxe":15,"minecraft:apple":47,"minecraft:iron_pickaxe":246,"minecraft:stone_slab":1,"minecraft:spruce_sapling":52,"minecraft:stone_axe":58,"minecraft:cobblestone":54,"minecraft:cooked_porkchop":18,"dixtas_armory:iron_battle_axe":40},"minecraft:crafted":{"minecraft:oak_planks":2424,"dixtas_armory:wooden_shortsword":1,"travelersbackpack:sleeping_bag":2,"dixtas_armory:iron_battle_axe":1,"minecraft:bookshelf":4,"minecraft:cooked_mutton":17,"minecraft:glass":28,"minecraft:iron_boots":2,"dixtas_armory:wooden_dagger":1,"minecraft:chest":12,"dixtas_armory:wooden_katana":1,"minecraft:oak_slab":6,"minecraft:wooden_shovel":1,"minecraft:emerald":212,"minecraft:arrow":128,"minecraft:cooked_porkchop":18,"minecraft:crafting_table":1,"minecraft:spruce_planks":1440,"minecraft:iron_helmet":2,"minecraft:wooden_pickaxe":1,"travelersbackpack:standard":2,"minecraft:red_wool":4,"dixtas_armory:stone_greatsword":1,"minecraft:fletching_table":1,"minecraft:birch_planks":124,"minecraft:hay_block":8,"dixtas_armory:stone_dagger":1,"minecraft:lectern":1,"minecraft:charcoal":159,"minecraft:paper":27,"minecraft:stick":7196,"minecraft:iron_pickaxe":1,"minecraft:iron_ingot":82,"minecraft:iron_block":3,"minecraft:gold_ingot":23,"dixtas_armory:wooden_longsword":1,"minecraft:shears":1,"dixtas_armory:stone_longsword":1,"dixtas_armory:pole":1,"minecraft:furnace":1,"minecraft:bone_meal":42,"dixtas_armory:stone_shortsword":1,"minecraft:stone_pickaxe":3,"minecraft:cooked_beef":35,"minecraft:red_dye":22,"dixtas_armory:iron_shortsword":1,"travelersbackpack:backpack_tank":4,"minecraft:iron_sword":2,"dixtas_armory:stone_katana":1,"minecraft:stone_axe":17,"minecraft:enchanted_book":2,"minecraft:air":0,"minecraft:wooden_axe":2,"minecraft:iron_shovel":3,"minecraft:iron_leggings":2,"minecraft:anvil":1,"minecraft:white_bed":6,"minecraft:torch":224,"dixtas_armory:iron_katana":1},"minecraft:picked_up":{"minecraft:iron_chestplate":2,"minecraft:wheat":79,"minecraft:smithing_table":1,"minecraft:stone_slab":3,"minecraft:string":25,"minecraft:iron_leggings":3,"minecraft:beetroot":9,"minecraft:cobbled_deepslate":12,"minecraft:smooth_stone":1,"minecraft:spruce_planks":2,"minecraft:wooden_shovel":3,"minecraft:iron_pickaxe":1,"minecraft:coal_block":3,"minecraft:furnace":4,"minecraft:iron_boots":2,"minecraft:stick":628,"minecraft:torch":43,"minecraft:porkchop":23,"minecraft:diorite":23,"minecraft:rotten_flesh":78,"dixtas_armory:stone_dagger":1,"minecraft:iron_bars":5,"minecraft:cobblestone":247,"dixtas_armory:stone_longsword":1,"minecraft:birch_log":249,"minecraft:leather_chestplate":1,"minecraft:cooked_beef":24,"minecraft:lilac":1,"minecraft:andesite":1,"minecraft:brown_wool":2,"minecraft:smoker":2,"minecraft:potato":87,"minecraft:tuff":1,"minecraft:stripped_birch_log":1,"minecraft:lapis_lazuli":12,"minecraft:dirt":61,"minecraft:name_tag":1,"minecraft:bone":36,"minecraft:bow":1,"minecraft:wheat_seeds":215,"minecraft:raw_gold":7,"minecraft:grindstone":7,"minecraft:fletching_table":3,"minecraft:mossy_stone_bricks":3,"minecraft:oak_planks":8,"minecraft:cooked_porkchop":10,"minecraft:sand":142,"minecraft:grass_block":1,"minecraft:mossy_cobblestone":3,"minecraft:polished_andesite":9,"minecraft:spruce_boat":2,"minecraft:granite":2,"minecraft:bone_meal":9,"minecraft:golden_apple":1,"minecraft:oak_sapling":407,"minecraft:light_gray_carpet":1,"minecraft:charcoal":15,"minecraft:crafting_table":5,"minecraft:leather_leggings":1,"minecraft:shield":2,"minecraft:stone_stairs":1,"minecraft:iron_axe":1,"minecraft:item_frame":2,"minecraft:cracked_stone_bricks":2,"minecraft:beef":51,"minecraft:iron_nugget":7,"minecraft:chest":2,"minecraft:lectern":13,"minecraft:sugar_cane":103,"minecraft:birch_sapling":64,"minecraft:egg":3,"minecraft:raw_iron":267,"minecraft:sandstone":2,"minecraft:carrot":148,"minecraft:arrow":52,"minecraft:cooked_cod":1,"minecraft:beetroot_seeds":24,"minecraft:diamond_boots":2,"minecraft:mutton":29,"minecraft:white_wool":112,"minecraft:clock":1,"minecraft:salmon":1,"minecraft:leather":90,"minecraft:oak_log":1230,"minecraft:chainmail_chestplate":1,"minecraft:gunpowder":9,"minecraft:cobblestone_stairs":1,"minecraft:cooked_mutton":1,"minecraft:apple":53,"minecraft:stone_bricks":6,"dixtas_armory:stone_katana":1,"minecraft:iron_ingot":10,"minecraft:iron_sword":2,"minecraft:book":21,"minecraft:sweet_berries":24,"minecraft:gravel":3,"minecraft:blast_furnace":3,"minecraft:spruce_sapling":74,"minecraft:white_bed":4,"minecraft:spruce_log":799,"minecraft:spider_eye":8,"minecraft:leather_helmet":1,"minecraft:stone_axe":2,"minecraft:iron_helmet":2,"minecraft:gray_wool":3,"minecraft:coal":220},"minecraft:broken":{"minecraft:iron_boots":1,"minecraft:iron_leggings":1,"minecraft:stone_pickaxe":3,"minecraft:stone_axe":15,"minecraft:wooden_axe":2,"dixtas_armory:iron_katana":1,"minecraft:wooden_pickaxe":1,"minecraft:shield":1,"dixtas_armory:stone_katana":1,"minecraft:iron_helmet":1,"dixtas_armory:wooden_dagger":1},"minecraft:killed_by":{"minecraft:creeper":1,"minecraft:zombie":10,"minecraft:player":4,"minecraft:skeleton":2},"minecraft:dropped":{"minecraft:iron_sword":1,"minecraft:cooked_beef":1,"minecraft:cooked_porkchop":9,"minecraft:item_frame":2,"minecraft:flint":1,"minecraft:dirt":1,"minecraft:iron_pickaxe":1,"minecraft:white_wool":12,"minecraft:bone":21,"minecraft:stone_axe":2,"minecraft:cobbled_deepslate":7,"minecraft:wheat":1,"dixtas_armory:stone_katana":1,"minecraft:rotten_flesh":116,"minecraft:oak_planks":13,"minecraft:light_gray_carpet":1,"dixtas_armory:stone_greatsword":1,"minecraft:arrow":12,"minecraft:bread":1,"minecraft:wheat_seeds":11,"minecraft:lilac":1,"minecraft:iron_helmet":1,"minecraft:cobblestone":9,"minecraft:apple":1,"dixtas_armory:stone_dagger":2,"minecraft:stick":131,"minecraft:torch":64,"minecraft:iron_leggings":1,"minecraft:stripped_birch_log":1,"minecraft:iron_axe":1,"dixtas_armory:stone_shortsword":1,"minecraft:iron_boots":1,"minecraft:wooden_shovel":2,"minecraft:spider_eye":5,"minecraft:spruce_log":78},"minecraft:mined":{"minecraft:spruce_planks":2,"minecraft:white_bed":3,"minecraft:cobblestone_stairs":6,"minecraft:granite":1,"minecraft:grass_block":20,"minecraft:coal_block":3,"minecraft:spawner":42,"minecraft:smooth_stone":2,"minecraft:iron_ore":115,"minecraft:fletching_table":3,"minecraft:dirt_path":15,"minecraft:iron_bars":6,"minecraft:smoker":1,"minecraft:blast_furnace":3,"minecraft:chest":2,"minecraft:cobblestone":8,"minecraft:grindstone":7,"minecraft:sugar_cane":56,"minecraft:oak_planks":8,"minecraft:iron_door":1,"minecraft:wall_torch":36,"minecraft:stone_stairs":1,"minecraft:wheat":83,"minecraft:lilac":1,"minecraft:stone_brick_stairs":1,"minecraft:grass":40,"minecraft:oak_log":7,"minecraft:beetroots":9,"minecraft:sand":143,"minecraft:dirt":36,"minecraft:oak_leaves":30,"minecraft:deepslate":8,"minecraft:tuff":1,"minecraft:mossy_cobblestone":5,"minecraft:dark_oak_leaves":3,"minecraft:spruce_leaves":6,"minecraft:sandstone":2,"minecraft:black_stained_glass_pane":2,"minecraft:furnace":3,"minecraft:carrots":40,"minecraft:andesite":1,"minecraft:bookshelf":14,"minecraft:potatoes":24,"minecraft:deepslate_iron_ore":32,"minecraft:vine":1,"minecraft:stone":185,"minecraft:smithing_table":1,"minecraft:crafting_table":4,"minecraft:rose_bush":7,"minecraft:lectern":13,"minecraft:stone_slab":4,"minecraft:tall_grass":6,"minecraft:lapis_ore":1,"minecraft:deepslate_gold_ore":7,"minecraft:diorite":16,"minecraft:sweet_berry_bush":7,"minecraft:spruce_log":2,"minecraft:birch_leaves":1,"minecraft:coal_ore":122,"minecraft:gravel":3,"minecraft:cobweb":1,"minecraft:cracked_stone_bricks":7,"minecraft:polished_andesite":37,"minecraft:stone_bricks":60,"minecraft:mossy_stone_bricks":11,"minecraft:infested_stone":2,"minecraft:fern":1},"minecraft:killed":{"minecraft:spider":28,"minecraft:skeleton":36,"minecraft:pig":13,"minecraft:salmon":1,"minecraft:creeper":6,"minecraft:sheep":16,"minecraft:zombie":75,"minecraft:cow":24,"minecraft:enderman":1}},"DataVersion":3105}