{"stats":{"minecraft:mined":{"minecraft:cherry_log":19,"minecraft:short_grass":43,"minecraft:crafting_table":1,"minecraft:torch":1,"minecraft:granite":4,"minecraft:copper_ore":101,"minecraft:tall_grass":10,"minecraft:cobblestone":6,"minecraft:lapis_ore":3,"minecraft:oak_planks":8,"minecraft:diorite":3,"minecraft:wall_torch":9,"minecraft:pink_petals":20,"minecraft:birch_log":283,"minecraft:iron_ore":65,"minecraft:birch_leaves":9,"minecraft:andesite":38,"minecraft:deepslate_lapis_ore":1,"minecraft:coal_ore":187,"minecraft:oak_log":626,"minecraft:cherry_leaves":1,"minecraft:gravel":8,"minecraft:dirt":7,"minecraft:stone":412,"minecraft:gold_ore":6,"minecraft:white_wool":1,"minecraft:oak_leaves":106},"minecraft:custom":{"minecraft:interact_with_furnace":77,"minecraft:mob_kills":49,"minecraft:interact_with_crafting_table":28,"minecraft:leave_game":6,"minecraft:time_since_death":99367,"minecraft:time_since_rest":99392,"minecraft:sprint_one_cm":218829,"minecraft:damage_taken":1536,"minecraft:walk_one_cm":379116,"minecraft:damage_blocked_by_shield":570,"minecraft:drop":21,"minecraft:damage_dealt":7047,"minecraft:fly_one_cm":131611,"minecraft:talked_to_villager":1,"minecraft:open_chest":38,"minecraft:crouch_one_cm":8357,"minecraft:play_time":131497,"minecraft:deaths":2,"minecraft:sneak_time":5839,"minecraft:walk_under_water_one_cm":4291,"minecraft:jump":1577,"minecraft:walk_on_water_one_cm":747,"minecraft:total_world_time":131497,"minecraft:fall_one_cm":23991},"minecraft:broken":{"minecraft:stone_pickaxe":5,"minecraft:stone_axe":7,"minecraft:wooden_axe":1,"minecraft:wooden_pickaxe":1},"minecraft:used":{"minecraft:birch_planks":1,"minecraft:stone_pickaxe":657,"minecraft:oak_planks":7,"minecraft:chest":2,"minecraft:wooden_pickaxe":59,"minecraft:shield":10,"minecraft:cooked_chicken":2,"minecraft:iron_sword":75,"minecraft:rotten_flesh":14,"minecraft:stone_hoe":2,"minecraft:white_wool":2,"minecraft:torch":122,"minecraft:dirt":3,"minecraft:crafting_table":2,"minecraft:birch_door":1,"minecraft:oak_log":7,"minecraft:wooden_axe":57,"minecraft:apple":1,"minecraft:chicken":1,"minecraft:iron_pickaxe":118,"minecraft:stone_axe":1036,"minecraft:cobblestone":48,"minecraft:furnace":4,"minecraft:cooked_porkchop":9,"minecraft:egg":1,"minecraft:potato":1},"minecraft:dropped":{"minecraft:stone_axe":1,"minecraft:oak_log":15,"minecraft:rotten_flesh":6,"minecraft:feather":2,"minecraft:cobblestone":7,"minecraft:dirt":1,"minecraft:oak_sapling":5},"minecraft:picked_up":{"minecraft:birch_log":331,"minecraft:pink_petals":56,"minecraft:crafting_table":1,"minecraft:feather":4,"minecraft:chicken":3,"minecraft:andesite":38,"minecraft:leather":2,"minecraft:potato":1,"minecraft:oak_log":732,"minecraft:lapis_lazuli":28,"minecraft:dirt":19,"minecraft:string":4,"minecraft:raw_copper":370,"minecraft:bone":4,"minecraft:apple":2,"minecraft:bow":1,"minecraft:wheat_seeds":4,"minecraft:raw_gold":6,"minecraft:rabbit_hide":1,"minecraft:beef":2,"minecraft:rabbit":2,"minecraft:birch_sapling":16,"minecraft:oak_planks":24,"minecraft:egg":2,"minecraft:stick":30,"minecraft:raw_iron":64,"minecraft:cooked_porkchop":1,"minecraft:torch":69,"minecraft:gravel":8,"minecraft:porkchop":24,"minecraft:cherry_log":19,"minecraft:diorite":3,"minecraft:spider_eye":2,"minecraft:rabbit_foot":1,"minecraft:arrow":2,"minecraft:rotten_flesh":22,"minecraft:stone_axe":1,"minecraft:granite":4,"minecraft:oak_sapling":32,"minecraft:mutton":8,"minecraft:coal":187,"minecraft:white_wool":6,"minecraft:cobblestone":479},"minecraft:crafted":{"minecraft:oak_planks":108,"minecraft:cooked_porkchop":10,"minecraft:crafting_table":1,"minecraft:cooked_chicken":2,"minecraft:iron_helmet":1,"minecraft:wooden_pickaxe":1,"minecraft:iron_sword":1,"minecraft:furnace":4,"minecraft:copper_ingot":92,"minecraft:birch_planks":24,"minecraft:stone_axe":15,"minecraft:air":0,"minecraft:iron_boots":1,"minecraft:iron_chestplate":1,"minecraft:charcoal":212,"minecraft:shield":1,"minecraft:iron_axe":1,"minecraft:stick":60,"minecraft:iron_ingot":64,"minecraft:iron_pickaxe":1,"minecraft:stone_pickaxe":5,"minecraft:wooden_axe":1,"minecraft:chest":2,"minecraft:iron_leggings":1,"minecraft:birch_door":3,"minecraft:torch":132,"minecraft:stone_hoe":1},"minecraft:killed_by":{"minecraft:zombie":2},"minecraft:killed":{"minecraft:pig":12,"minecraft:rabbit":2,"minecraft:spider":1,"minecraft:creeper":1,"minecraft:skeleton":2,"minecraft:sheep":5,"minecraft:zombie":21,"minecraft:chicken":4,"minecraft:cow":1}},"DataVersion":3953}