{"stats":{"minecraft:custom":{"minecraft:interact_with_crafting_table":65,"minecraft:open_barrel":9,"minecraft:leave_game":15,"minecraft:time_since_death":339512,"minecraft:sprint_one_cm":2037191,"minecraft:damage_blocked_by_shield":5487,"minecraft:drop":71,"minecraft:talked_to_villager":148,"minecraft:play_time":622872,"minecraft:deaths":18,"minecraft:jump":8700,"minecraft:walk_on_water_one_cm":77154,"minecraft:interact_with_furnace":140,"minecraft:traded_with_villager":333,"minecraft:sleep_in_bed":17,"minecraft:damage_dealt":57203,"minecraft:player_kills":10,"minecraft:crouch_one_cm":76468,"minecraft:interact_with_smoker":16,"minecraft:mob_kills":387,"minecraft:interact_with_anvil":5,"minecraft:climb_one_cm":15990,"minecraft:walk_one_cm":1546169,"minecraft:sneak_time":40649,"minecraft:walk_under_water_one_cm":71203,"minecraft:boat_one_cm":67205,"minecraft:interact_with_blast_furnace":2,"minecraft:total_world_time":622872,"minecraft:interact_with_grindstone":2,"minecraft:time_since_rest":64348,"minecraft:damage_taken":14048,"minecraft:trigger_trapped_chest":5,"minecraft:swim_one_cm":206645,"minecraft:fly_one_cm":1523326,"minecraft:open_chest":240,"minecraft:fall_one_cm":172562},"minecraft:used":{"minecraft:beetroot":9,"minecraft:iron_shovel":200,"minecraft:chest":12,"minecraft:shield":179,"minecraft:iron_sword":430,"minecraft:zombie_spawn_egg":1,"dixtas_armory:stone_shortsword":7,"minecraft:carrot":55,"minecraft:stone_bricks":6,"minecraft:golden_sword":5,"minecraft:bow":144,"minecraft:sweet_berries":15,"minecraft:furnace":5,"minecraft:oak_sapling":5,"minecraft:cooked_cod":8,"minecraft:beetroot_seeds":24,"minecraft:egg":3,"minecraft:potato":67,"minecraft:mossy_stone_bricks":3,"minecraft:diorite":1,"minecraft:oak_planks":92,"minecraft:stone_pickaxe":392,"minecraft:wooden_pickaxe":59,"minecraft:sandstone":2,"minecraft:sugar_cane":84,"minecraft:sand":9,"minecraft:blast_furnace":3,"minecraft:shears":1,"dixtas_armory:iron_katana":259,"minecraft:bread":22,"minecraft:brown_wool":1,"minecraft:lectern":14,"minecraft:gravel":3,"minecraft:grindstone":7,"minecraft:andesite":1,"minecraft:bone_meal":51,"minecraft:stone_sword":130,"minecraft:spruce_planks":2,"minecraft:wooden_shovel":57,"minecraft:torch":197,"minecraft:dirt":23,"dixtas_armory:stone_longsword":83,"minecraft:anvil":1,"minecraft:granite":1,"minecraft:wooden_axe":3,"minecraft:iron_axe":15,"minecraft:beef":6,"minecraft:cooked_beef":48,"dixtas_armory:stone_katana":134,"minecraft:cobbled_deepslate":7,"minecraft:wheat_seeds":204,"minecraft:cooked_mutton":18,"dixtas_armory:wooden_dagger":50,"minecraft:cobblestone_stairs":1,"minecraft:birch_planks":3,"minecraft:polished_andesite":9,"minecraft:baked_potato":3,"minecraft:fletching_table":4,"minecraft:cracked_stone_bricks":2,"minecraft:salmon":1,"minecraft:mossy_cobblestone":3,"minecraft:crafting_table":6,"minecraft:white_bed":4,"minecraft:smoker":2,"minecraft:oak_log":8,"minecraft:diamond_pickaxe":15,"minecraft:apple":91,"minecraft:iron_pickaxe":746,"minecraft:stone_slab":1,"minecraft:spruce_sapling":92,"minecraft:stone_axe":94,"minecraft:cobblestone":75,"minecraft:cooked_porkchop":18,"dixtas_armory:iron_battle_axe":67},"minecraft:crafted":{"minecraft:oak_planks":2736,"dixtas_armory:wooden_shortsword":1,"travelersbackpack:sleeping_bag":2,"dixtas_armory:iron_battle_axe":1,"minecraft:bookshelf":4,"minecraft:cooked_mutton":17,"minecraft:glass":64,"minecraft:iron_boots":2,"dixtas_armory:wooden_dagger":1,"minecraft:chest":12,"dixtas_armory:wooden_katana":1,"minecraft:oak_slab":6,"minecraft:wooden_shovel":1,"minecraft:emerald":320,"minecraft:arrow":128,"minecraft:cooked_porkchop":18,"minecraft:crafting_table":1,"minecraft:spruce_planks":2652,"travelersbackpack:standard":2,"minecraft:baked_potato":3,"minecraft:iron_helmet":2,"minecraft:wooden_pickaxe":1,"minecraft:red_wool":4,"dixtas_armory:stone_greatsword":1,"minecraft:fletching_table":1,"minecraft:hay_block":8,"minecraft:birch_planks":372,"dixtas_armory:stone_dagger":1,"minecraft:lectern":1,"minecraft:charcoal":159,"minecraft:iron_chestplate":1,"minecraft:paper":201,"minecraft:shield":1,"minecraft:stick":10820,"minecraft:iron_ingot":98,"minecraft:iron_pickaxe":3,"minecraft:iron_block":3,"minecraft:gold_ingot":23,"dixtas_armory:wooden_longsword":1,"minecraft:shears":1,"minecraft:packed_ice":1,"dixtas_armory:stone_longsword":1,"dixtas_armory:pole":1,"minecraft:furnace":1,"minecraft:bone_meal":42,"dixtas_armory:stone_shortsword":1,"minecraft:iron_axe":1,"minecraft:stone_pickaxe":3,"minecraft:cooked_beef":35,"minecraft:red_dye":22,"dixtas_armory:iron_shortsword":1,"travelersbackpack:backpack_tank":4,"minecraft:iron_sword":2,"dixtas_armory:stone_katana":1,"minecraft:stone_axe":44,"minecraft:enchanted_book":2,"minecraft:air":0,"minecraft:wooden_axe":2,"minecraft:iron_shovel":3,"minecraft:iron_leggings":2,"minecraft:anvil":1,"minecraft:white_bed":6,"minecraft:torch":224,"dixtas_armory:iron_katana":1},"minecraft:picked_up":{"minecraft:iron_chestplate":2,"minecraft:wheat":79,"minecraft:chainmail_boots":1,"minecraft:smithing_table":1,"minecraft:stone_slab":3,"minecraft:string":35,"minecraft:raw_copper":43,"minecraft:cooked_salmon":5,"minecraft:iron_leggings":3,"minecraft:shroomlight":1,"minecraft:beetroot":9,"minecraft:cobbled_deepslate":122,"minecraft:smooth_stone":1,"minecraft:spruce_planks":2,"minecraft:wooden_shovel":3,"minecraft:iron_pickaxe":1,"minecraft:coal_block":3,"minecraft:furnace":4,"minecraft:iron_boots":2,"minecraft:stick":1338,"minecraft:torch":43,"minecraft:porkchop":23,"minecraft:diorite":45,"minecraft:rotten_flesh":133,"dixtas_armory:stone_dagger":1,"minecraft:iron_bars":5,"minecraft:cobblestone":539,"dixtas_armory:stone_longsword":1,"minecraft:birch_log":517,"minecraft:leather_chestplate":1,"minecraft:cooked_beef":86,"minecraft:lilac":1,"minecraft:andesite":1,"minecraft:brown_wool":2,"minecraft:smoker":2,"minecraft:potato":87,"minecraft:tuff":37,"minecraft:lapis_lazuli":12,"minecraft:stripped_birch_log":1,"minecraft:dirt":130,"minecraft:name_tag":1,"minecraft:bone":44,"minecraft:bow":1,"minecraft:wheat_seeds":219,"minecraft:raw_gold":7,"minecraft:grindstone":7,"minecraft:fletching_table":3,"minecraft:mossy_stone_bricks":3,"minecraft:oak_planks":8,"minecraft:cooked_porkchop":66,"minecraft:sand":143,"minecraft:grass_block":1,"minecraft:mossy_cobblestone":3,"minecraft:polished_andesite":9,"minecraft:spruce_boat":2,"minecraft:granite":2,"minecraft:grass":2,"minecraft:bone_meal":10,"minecraft:golden_apple":1,"minecraft:emerald":1,"minecraft:oak_sapling":875,"minecraft:light_gray_carpet":1,"minecraft:charcoal":15,"minecraft:crafting_table":5,"minecraft:chicken":1,"minecraft:leather_leggings":1,"minecraft:shield":2,"minecraft:stone_stairs":1,"minecraft:iron_axe":1,"minecraft:item_frame":2,"minecraft:iron_shovel":1,"minecraft:cracked_stone_bricks":2,"minecraft:beef":57,"minecraft:iron_nugget":7,"minecraft:light_gray_wool":1,"minecraft:lectern":13,"minecraft:chest":2,"minecraft:sugar_cane":489,"minecraft:birch_sapling":145,"minecraft:egg":7,"minecraft:raw_iron":273,"minecraft:sandstone":2,"minecraft:carrot":148,"minecraft:redstone":9,"minecraft:arrow":70,"minecraft:cooked_cod":1,"minecraft:beetroot_seeds":24,"minecraft:diamond_boots":2,"minecraft:mutton":31,"minecraft:white_wool":194,"minecraft:clock":1,"minecraft:salmon":1,"minecraft:leather":130,"minecraft:fern":1,"minecraft:oak_log":2511,"minecraft:chainmail_chestplate":1,"minecraft:gunpowder":28,"minecraft:cobblestone_stairs":1,"minecraft:cooked_mutton":1,"minecraft:apple":126,"minecraft:stone_bricks":6,"dixtas_armory:stone_katana":1,"minecraft:iron_ingot":17,"minecraft:iron_sword":2,"minecraft:book":21,"minecraft:sweet_berries":24,"minecraft:gravel":4,"minecraft:spruce_sapling":396,"minecraft:blast_furnace":3,"minecraft:white_bed":4,"minecraft:spruce_log":3837,"minecraft:spider_eye":10,"minecraft:leather_helmet":1,"minecraft:stone_axe":2,"minecraft:iron_helmet":2,"minecraft:gray_wool":3,"minecraft:black_wool":2,"minecraft:coal":220},"minecraft:killed_by":{"minecraft:creeper":1,"minecraft:zombie":10,"minecraft:player":4,"minecraft:skeleton":2},"minecraft:broken":{"minecraft:iron_shovel":1,"minecraft:iron_boots":1,"minecraft:iron_leggings":1,"minecraft:stone_pickaxe":3,"minecraft:stone_axe":42,"minecraft:iron_sword":1,"minecraft:wooden_axe":2,"minecraft:stone_sword":1,"dixtas_armory:iron_katana":1,"minecraft:wooden_pickaxe":1,"minecraft:shield":1,"dixtas_armory:stone_katana":1,"minecraft:iron_axe":1,"minecraft:iron_pickaxe":2,"minecraft:iron_helmet":1,"dixtas_armory:wooden_dagger":1},"minecraft:dropped":{"minecraft:iron_sword":2,"minecraft:cooked_beef":1,"minecraft:cooked_porkchop":9,"minecraft:item_frame":2,"minecraft:flint":1,"minecraft:dirt":1,"minecraft:iron_pickaxe":1,"minecraft:white_wool":12,"minecraft:bone":21,"minecraft:stone_axe":2,"minecraft:cobbled_deepslate":7,"minecraft:wheat":1,"dixtas_armory:stone_katana":1,"minecraft:rotten_flesh":116,"minecraft:oak_planks":13,"minecraft:fern":1,"minecraft:light_gray_carpet":1,"dixtas_armory:stone_greatsword":1,"minecraft:arrow":12,"dixtas_armory:iron_battle_axe":1,"minecraft:bread":1,"minecraft:wheat_seeds":13,"minecraft:lilac":1,"minecraft:iron_helmet":1,"minecraft:cobblestone":9,"minecraft:apple":1,"dixtas_armory:stone_dagger":2,"minecraft:stick":146,"minecraft:torch":64,"minecraft:iron_leggings":1,"minecraft:stripped_birch_log":1,"minecraft:iron_axe":1,"dixtas_armory:stone_shortsword":1,"minecraft:chicken":1,"minecraft:light_gray_wool":1,"minecraft:iron_boots":1,"minecraft:wooden_shovel":2,"minecraft:spider_eye":6,"minecraft:spruce_log":78},"minecraft:mined":{"minecraft:spruce_planks":2,"minecraft:white_bed":3,"minecraft:cobblestone_stairs":6,"minecraft:orange_stained_glass":2,"minecraft:granite":1,"minecraft:grass_block":74,"minecraft:coal_block":3,"minecraft:spawner":42,"minecraft:smooth_stone":2,"minecraft:iron_ore":121,"minecraft:fire":1,"minecraft:fletching_table":3,"minecraft:dirt_path":15,"minecraft:iron_bars":6,"minecraft:deepslate_redstone_ore":2,"minecraft:smoker":1,"minecraft:blast_furnace":3,"minecraft:chest":2,"minecraft:cobblestone":8,"minecraft:honeycomb_block":7,"minecraft:grindstone":7,"minecraft:sugar_cane":251,"minecraft:oak_planks":8,"minecraft:iron_door":1,"minecraft:wall_torch":36,"minecraft:stone_stairs":1,"minecraft:wheat":83,"minecraft:lilac":1,"minecraft:stone_brick_stairs":1,"minecraft:grass":59,"minecraft:oak_log":11,"minecraft:beetroots":9,"minecraft:sand":148,"minecraft:dirt":52,"minecraft:oak_leaves":54,"minecraft:deepslate":118,"minecraft:tuff":37,"minecraft:mossy_cobblestone":5,"minecraft:dark_oak_leaves":3,"minecraft:spruce_leaves":10,"minecraft:sandstone":2,"minecraft:black_stained_glass_pane":2,"minecraft:spruce_sapling":2,"minecraft:furnace":3,"minecraft:carrots":40,"minecraft:andesite":5,"minecraft:bookshelf":14,"minecraft:potatoes":24,"minecraft:deepslate_iron_ore":32,"minecraft:shroomlight":1,"minecraft:vine":1,"minecraft:stone":478,"minecraft:smithing_table":1,"minecraft:crafting_table":4,"minecraft:rose_bush":7,"minecraft:lectern":13,"minecraft:stone_slab":4,"minecraft:tall_grass":17,"minecraft:copper_ore":14,"minecraft:lapis_ore":1,"minecraft:deepslate_gold_ore":7,"minecraft:diorite":47,"minecraft:sweet_berry_bush":7,"minecraft:spruce_log":4,"minecraft:birch_leaves":4,"minecraft:coal_ore":122,"minecraft:gravel":4,"minecraft:cobweb":1,"minecraft:cracked_stone_bricks":7,"minecraft:polished_andesite":37,"minecraft:stone_bricks":60,"minecraft:mossy_stone_bricks":11,"minecraft:infested_stone":2,"minecraft:fern":5},"minecraft:killed":{"minecraft:spider":40,"minecraft:skeleton":60,"minecraft:pig":29,"minecraft:salmon":6,"minecraft:creeper":17,"minecraft:sheep":16,"minecraft:zombie":137,"minecraft:cow":45,"minecraft:drowned":1,"minecraft:enderman":1}},"DataVersion":3105}