{"stats":{"minecraft:killed":{"minecraft:phantom":6,"minecraft:skeleton":3,"minecraft:chicken":2,"minecraft:pig":19,"minecraft:zombie_villager":1,"minecraft:salmon":5,"minecraft:iron_golem":1,"minecraft:creeper":4,"minecraft:sheep":3,"minecraft:trader_llama":1,"minecraft:zombie":28,"minecraft:cow":6,"minecraft:enderman":2},"minecraft:dropped":{"minecraft:iron_ingot":2,"minecraft:iron_sword":1,"minecraft:wheat_seeds":22,"minecraft:mossy_cobblestone":1,"minecraft:cobblestone":45,"minecraft:stick":2,"minecraft:flint":1,"minecraft:dirt":11,"minecraft:cornflower":2,"minecraft:wooden_axe":1,"minecraft:rose_bush":1,"minecraft:redstone":1,"minecraft:bone":4,"minecraft:gravel":2,"minecraft:cobbled_deepslate":104,"minecraft:raw_copper":3,"minecraft:tuff":4,"minecraft:raw_iron":1,"minecraft:beetroot":18,"minecraft:rotten_flesh":42,"minecraft:oak_planks":12,"minecraft:gunpowder":1,"minecraft:beetroot_seeds":28,"minecraft:melon_seeds":8,"minecraft:golden_leggings":1,"minecraft:oak_sapling":3,"minecraft:wooden_pickaxe":2,"minecraft:netherrack":7},"minecraft:killed_by":{"minecraft:player":1,"minecraft:skeleton":1,"minecraft:zombie":2},"minecraft:used":{"minecraft:rose_bush":1,"minecraft:stone_shovel":542,"minecraft:chest":53,"minecraft:iron_sword":86,"minecraft:netherrack":1,"minecraft:oak_door":3,"minecraft:torch":72,"minecraft:dirt":53,"minecraft:carrot":95,"minecraft:tuff":14,"minecraft:granite":15,"minecraft:wooden_axe":79,"minecraft:iron_axe":331,"minecraft:furnace":6,"minecraft:egg":1,"minecraft:cooked_beef":2,"minecraft:potato":42,"minecraft:cobbled_deepslate":191,"minecraft:wheat_seeds":29,"minecraft:diorite":4,"minecraft:stone_pickaxe":619,"minecraft:oak_planks":795,"minecraft:wooden_pickaxe":24,"minecraft:mossy_cobblestone":36,"minecraft:crafting_table":8,"minecraft:white_bed":1,"minecraft:cobbled_deepslate_stairs":6,"minecraft:iron_pickaxe":80,"minecraft:spruce_sapling":23,"minecraft:gravel":1,"minecraft:stone_axe":323,"minecraft:cobblestone":36,"minecraft:cooked_porkchop":39,"minecraft:oak_boat":1,"minecraft:bone_meal":3},"minecraft:crafted":{"minecraft:oak_door":3,"minecraft:oak_planks":1220,"minecraft:stone_shovel":5,"minecraft:furnace":6,"minecraft:bone_meal":3,"minecraft:iron_axe":2,"minecraft:stone_pickaxe":7,"minecraft:chest":49,"minecraft:cobbled_deepslate_stairs":4,"minecraft:wheat":9,"minecraft:cooked_beef":13,"minecraft:cooked_porkchop":41,"minecraft:crafting_table":4,"minecraft:wooden_pickaxe":2,"minecraft:iron_sword":1,"minecraft:stone_axe":4,"minecraft:air":0,"minecraft:charcoal":7,"minecraft:stick":56,"minecraft:iron_ingot":11,"minecraft:wooden_axe":2,"minecraft:white_bed":1,"minecraft:torch":60},"minecraft:custom":{"minecraft:mob_kills":83,"minecraft:interact_with_crafting_table":27,"minecraft:bell_ring":359,"minecraft:leave_game":5,"minecraft:time_since_death":6360,"minecraft:sprint_one_cm":421862,"minecraft:walk_one_cm":586612,"minecraft:drop":62,"minecraft:talked_to_villager":8,"minecraft:play_time":326197,"minecraft:sneak_time":28161,"minecraft:deaths":5,"minecraft:walk_under_water_one_cm":30571,"minecraft:boat_one_cm":3301,"minecraft:jump":3258,"minecraft:walk_on_water_one_cm":18867,"minecraft:total_world_time":326197,"minecraft:interact_with_furnace":31,"minecraft:sleep_in_bed":4,"minecraft:time_since_rest":6388,"minecraft:damage_taken":4692,"minecraft:damage_dealt":14404,"minecraft:swim_one_cm":46194,"minecraft:fly_one_cm":489585,"minecraft:open_chest":65,"minecraft:crouch_one_cm":52566,"minecraft:fall_one_cm":79705},"minecraft:mined":{"minecraft:tuff":27,"minecraft:mossy_cobblestone":36,"minecraft:cobbled_deepslate_stairs":2,"minecraft:oak_door":1,"minecraft:grass_block":93,"minecraft:spruce_leaves":73,"minecraft:hay_block":3,"minecraft:spruce_sapling":7,"minecraft:furnace":1,"minecraft:carrots":81,"minecraft:iron_ore":9,"minecraft:cobbled_deepslate":44,"minecraft:andesite":2,"minecraft:deepslate_lapis_ore":2,"minecraft:potatoes":17,"minecraft:deepslate_iron_ore":1,"minecraft:dirt_path":37,"minecraft:stone":133,"minecraft:crafting_table":5,"minecraft:cornflower":2,"minecraft:torch":9,"minecraft:chest":3,"minecraft:rose_bush":1,"minecraft:tall_grass":2,"minecraft:cobblestone":37,"minecraft:oak_planks":46,"minecraft:diorite":4,"minecraft:wall_torch":15,"minecraft:seagrass":1,"minecraft:birch_log":114,"minecraft:wheat":47,"minecraft:spruce_log":86,"minecraft:birch_leaves":1,"minecraft:grass":40,"minecraft:oak_log":324,"minecraft:coal_ore":156,"minecraft:beetroots":13,"minecraft:sunflower":1,"minecraft:gravel":4,"minecraft:sand":408,"minecraft:dirt":10,"minecraft:netherrack":10,"minecraft:oak_leaves":41,"minecraft:deepslate":254},"minecraft:picked_up":{"minecraft:crafting_table":5,"minecraft:wheat":88,"minecraft:chicken":8,"minecraft:cornflower":6,"minecraft:raw_copper":9,"minecraft:iron_axe":4,"minecraft:beetroot":35,"minecraft:cobbled_deepslate":461,"minecraft:beef":13,"minecraft:oak_boat":4,"minecraft:rose_bush":2,"minecraft:iron_pickaxe":1,"minecraft:chest":4,"minecraft:furnace":1,"minecraft:spruce_trapdoor":2,"minecraft:phantom_membrane":4,"minecraft:egg":3,"minecraft:stick":26,"minecraft:raw_iron":11,"minecraft:oak_door":1,"minecraft:torch":37,"minecraft:porkchop":42,"minecraft:diorite":9,"minecraft:carrot":251,"minecraft:redstone":1,"minecraft:rotten_flesh":75,"minecraft:arrow":3,"minecraft:stone_shovel":1,"minecraft:beetroot_seeds":77,"minecraft:hay_block":1,"minecraft:saddle":3,"minecraft:mutton":20,"minecraft:white_wool":3,"minecraft:cobblestone":228,"minecraft:birch_log":114,"minecraft:feather":8,"minecraft:cooked_beef":35,"minecraft:andesite":1,"minecraft:salmon":5,"minecraft:leather":28,"minecraft:golden_leggings":1,"minecraft:potato":72,"minecraft:flint":1,"minecraft:tuff":28,"minecraft:oak_log":323,"minecraft:cobbled_deepslate_stairs":2,"minecraft:gunpowder":9,"minecraft:wooden_hoe":1,"minecraft:dirt":197,"minecraft:bone":6,"minecraft:apple":4,"minecraft:wheat_seeds":143,"minecraft:stone_pickaxe":2,"minecraft:iron_ingot":28,"minecraft:iron_sword":5,"minecraft:oak_planks":123,"minecraft:cooked_porkchop":44,"minecraft:dandelion":3,"minecraft:gravel":4,"minecraft:sand":816,"minecraft:spruce_sapling":23,"minecraft:grass_block":1,"minecraft:spruce_log":159,"minecraft:mossy_cobblestone":74,"minecraft:granite":43,"minecraft:oak_sapling":13,"minecraft:netherrack":32,"minecraft:melon_seeds":8,"minecraft:coal":336,"minecraft:ender_pearl":4},"minecraft:broken":{"minecraft:stone_pickaxe":4,"minecraft:iron_axe":1,"minecraft:stone_axe":3,"minecraft:iron_pickaxe":1,"minecraft:wooden_axe":1,"minecraft:stone_shovel":4}},"DataVersion":3105}