{"stats":{"minecraft:mined":{"minecraft:cherry_log":19,"minecraft:granite":4,"minecraft:grass_block":3,"minecraft:oak_pressure_plate":1,"minecraft:hay_block":77,"minecraft:iron_ore":90,"minecraft:fire":1,"minecraft:andesite":38,"minecraft:deepslate_lapis_ore":1,"minecraft:dirt_path":4,"minecraft:stone":419,"minecraft:white_wool":1,"minecraft:oak_fence":1,"minecraft:crafting_table":1,"minecraft:torch":1,"minecraft:short_grass":49,"minecraft:chest":1,"minecraft:tall_grass":14,"minecraft:copper_ore":101,"minecraft:cobblestone":6,"minecraft:lapis_ore":3,"minecraft:oak_planks":8,"minecraft:diorite":3,"minecraft:wall_torch":11,"minecraft:pink_petals":20,"minecraft:birch_log":283,"minecraft:birch_leaves":9,"minecraft:yellow_bed":1,"minecraft:oak_log":626,"minecraft:coal_ore":210,"minecraft:cherry_leaves":1,"minecraft:gravel":8,"minecraft:dirt":9,"minecraft:gold_ore":6,"minecraft:oak_leaves":109},"minecraft:broken":{"minecraft:wooden_pickaxe":1,"minecraft:stone_pickaxe":5,"minecraft:stone_axe":7,"minecraft:wooden_axe":1},"minecraft:custom":{"minecraft:mob_kills":83,"minecraft:interact_with_crafting_table":30,"minecraft:leave_game":6,"minecraft:time_since_death":135367,"minecraft:sprint_one_cm":358391,"minecraft:walk_one_cm":478919,"minecraft:damage_blocked_by_shield":2010,"minecraft:drop":28,"minecraft:talked_to_villager":4,"minecraft:play_time":167497,"minecraft:deaths":2,"minecraft:sneak_time":6095,"minecraft:walk_under_water_one_cm":9171,"minecraft:jump":2534,"minecraft:walk_on_water_one_cm":1819,"minecraft:total_world_time":167497,"minecraft:interact_with_furnace":85,"minecraft:sleep_in_bed":2,"minecraft:time_since_rest":5941,"minecraft:damage_taken":1990,"minecraft:damage_dealt":11372,"minecraft:swim_one_cm":32228,"minecraft:fly_one_cm":297749,"minecraft:open_chest":48,"minecraft:crouch_one_cm":8881,"minecraft:fall_one_cm":44591},"minecraft:used":{"minecraft:flint_and_steel":2,"minecraft:chest":17,"minecraft:shield":41,"minecraft:iron_sword":158,"minecraft:stone_hoe":2,"minecraft:cooked_chicken":2,"minecraft:rotten_flesh":14,"minecraft:torch":124,"minecraft:dirt":3,"minecraft:mutton":4,"minecraft:birch_door":1,"minecraft:wooden_axe":57,"minecraft:iron_axe":3,"minecraft:furnace":4,"minecraft:egg":1,"minecraft:potato":1,"minecraft:cooked_mutton":7,"minecraft:rabbit":1,"minecraft:birch_planks":1,"minecraft:stone_pickaxe":657,"minecraft:oak_planks":7,"minecraft:wooden_pickaxe":59,"minecraft:white_wool":2,"minecraft:golden_hoe":83,"minecraft:crafting_table":3,"minecraft:oak_log":7,"minecraft:apple":1,"minecraft:chicken":1,"minecraft:iron_pickaxe":173,"minecraft:stone_axe":1036,"minecraft:cobblestone":48,"minecraft:cooked_porkchop":10,"minecraft:yellow_bed":1},"minecraft:dropped":{"minecraft:oak_log":60,"minecraft:feather":2,"minecraft:cobblestone":7,"minecraft:dirt":1,"minecraft:torch":20,"minecraft:stone_axe":1,"minecraft:rotten_flesh":6,"minecraft:oak_planks":71,"minecraft:cooked_mutton":3,"minecraft:oak_sapling":5,"minecraft:bow":1,"minecraft:beef":2},"minecraft:picked_up":{"minecraft:crafting_table":1,"minecraft:chicken":3,"minecraft:cornflower":1,"minecraft:string":4,"minecraft:raw_copper":370,"minecraft:beef":24,"minecraft:chest":1,"minecraft:birch_sapling":16,"minecraft:egg":2,"minecraft:raw_iron":89,"minecraft:stick":30,"minecraft:torch":71,"minecraft:porkchop":24,"minecraft:cherry_log":19,"minecraft:diorite":3,"minecraft:rabbit_foot":1,"minecraft:arrow":2,"minecraft:rotten_flesh":22,"minecraft:hay_block":76,"minecraft:mutton":23,"minecraft:white_wool":14,"minecraft:cobblestone":479,"minecraft:birch_log":331,"minecraft:pink_petals":56,"minecraft:feather":4,"minecraft:andesite":38,"minecraft:leather":14,"minecraft:potato":1,"minecraft:oak_log":777,"minecraft:yellow_bed":1,"minecraft:lapis_lazuli":28,"minecraft:dirt":19,"minecraft:cooked_mutton":3,"minecraft:bone":4,"minecraft:apple":2,"minecraft:bow":1,"minecraft:wheat_seeds":5,"minecraft:raw_gold":6,"minecraft:rabbit_hide":1,"minecraft:rabbit":2,"minecraft:oak_planks":32,"minecraft:cooked_porkchop":1,"minecraft:gravel":8,"minecraft:spider_eye":2,"minecraft:stone_axe":1,"minecraft:granite":4,"minecraft:oak_sapling":33,"minecraft:coal":210,"minecraft:ender_pearl":1},"minecraft:crafted":{"minecraft:oak_planks":364,"minecraft:cooked_chicken":2,"minecraft:furnace":4,"minecraft:cooked_mutton":10,"minecraft:iron_boots":1,"minecraft:iron_axe":1,"minecraft:stone_pickaxe":5,"minecraft:chest":16,"minecraft:birch_door":3,"minecraft:stone_hoe":1,"minecraft:cooked_porkchop":24,"minecraft:crafting_table":2,"minecraft:wooden_pickaxe":1,"minecraft:iron_helmet":1,"minecraft:iron_sword":1,"minecraft:copper_ingot":92,"minecraft:birch_planks":24,"minecraft:stone_axe":15,"minecraft:air":0,"minecraft:iron_chestplate":1,"minecraft:charcoal":212,"minecraft:shield":1,"minecraft:stick":60,"minecraft:iron_ingot":64,"minecraft:iron_pickaxe":1,"minecraft:wooden_axe":1,"minecraft:iron_leggings":1,"minecraft:torch":132},"minecraft:killed_by":{"minecraft:zombie":2},"minecraft:killed":{"minecraft:spider":2,"minecraft:skeleton":5,"minecraft:chicken":4,"minecraft:pig":12,"minecraft:rabbit":2,"minecraft:creeper":2,"minecraft:sheep":16,"minecraft:zombie":29,"minecraft:cow":10}},"DataVersion":3953}