{
  "minecraft:recipes/misc/charcoal": {
    "criteria": {
      "has_log": "2024-09-21 21:08:51 +0000"
    },
    "done": true
  },
  "minecraft:recipes/decorations/crafting_table": {
    "criteria": {
      "unlock_right_away": "2024-09-21 21:06:23 +0000"
    },
    "done": true
  },
  "minecraft:adventure/root": {
    "criteria": {
      "killed_by_something": "2024-09-21 21:08:21 +0000"
    },
    "done": true
  },
  "minecraft:recipes/building_blocks/oak_planks": {
    "criteria": {
      "has_logs": "2024-09-21 21:08:51 +0000"
    },
    "done": true
  },
  "minecraft:adventure/adventuring_time": {
    "criteria": {
      "minecraft:forest": "2024-09-21 21:06:24 +0000",
      "minecraft:cherry_grove": "2024-09-21 21:09:18 +0000",
      "minecraft:plains": "2024-09-21 21:09:12 +0000"
    },
    "done": false
  },
  "minecraft:recipes/building_blocks/oak_wood": {
    "criteria": {
      "has_log": "2024-09-21 21:08:51 +0000"
    },
    "done": true
  },
  "DataVersion": 3953
}